
INSERT INTO waiter (CPR, email, first_name, last_name, phone) VALUES
('1143110621', 'rstones3@geocities.com', 'Ruthie', 'Stones', '2621627271'),
('1453702430', 'slidington2@yale.edu', 'Sheffy', 'Lidington', '4633511783'),
('4273776526', 'cmorin4@nhs.uk', 'Cherye', 'Morin', '5795952073'),
('4980958879', 'apostians1@google.pl', 'Ashla', 'Postians', '2912037536'),
('7511701956', 'mwhiskerd0@mozilla.org', 'Meade', 'Whiskerd', '8539343072');


INSERT INTO allergy (allergyID, name, icon) VALUES
(1, 'Groundplum Milkvetch', 'https://robohash.org/veletneque.png?size=30x30&set=set1'), 
(2, 'Bushy Heliotrope', 'https://robohash.org/autemetquas.png?size=30x30&set=set1'),
(3, 'Widewing Springparsley', 'https://robohash.org/optioperspiciatispossimus.png?size=30x30&set=set1'),
(4, 'Crums Candle Snuffer Moss', 'https://robohash.org/odioexpeditaaperiam.png?size=30x30&set=set1'),
(5, 'Tropical Spiderflower', 'https://robohash.org/corruptidelectusveniam.png?size=30x30&set=set1'),
(6, 'Solomons Seal', 'https://robohash.org/adoloribuset.png?size=30x30&set=set1'),
(7, 'Witchs Hair Lichen', 'https://robohash.org/sintsuntdolore.png?size=30x30&set=set1'),
(8, 'Adirondack Blackberry', 'https://robohash.org/eosquisquamet.png?size=30x30&set=set1'),
(9, 'Puerto Rico Philodendron', 'https://robohash.org/quasibeataeaut.png?size=30x30&set=set1'),
(10, 'Shameplant', 'https://robohash.org/voluptaseterror.png?size=30x30&set=set1'),
(11, 'American Chickweed', 'https://robohash.org/cupiditatenihilquo.png?size=30x30&set=set1'),
(12, 'Sparseflower Jewelflower', 'https://robohash.org/voluptatemtotamaliquam.png?size=30x30&set=set1'),
(13, 'Pale Phacelia', 'https://robohash.org/beataefugitrepellendus.png?size=30x30&set=set1'),
(14, 'Inchplant', 'https://robohash.org/enimmolestiaeullam.png?size=30x30&set=set1'),
(15, 'Creutzfeldts Cryptantha', 'https://robohash.org/placeatquovoluptatum.png?size=30x30&set=set1'),
(16, 'Yellow Honeysuckle', 'https://robohash.org/delectushicqui.png?size=30x30&set=set1'),
(17, 'Showy Phlox', 'https://robohash.org/eumipsaaut.png?size=30x30&set=set1'),
(18, 'Bashful Ragwort', 'https://robohash.org/dolorrepellatrem.png?size=30x30&set=set1'),
(19, 'Brewers Bittercress', 'https://robohash.org/maximeexcepturihic.png?size=30x30&set=set1'),
(20, 'Daltonia Moss', 'https://robohash.org/providentdeseruntquia.png?size=30x30&set=set1'),
(21, 'Royal Larkspur', 'https://robohash.org/ullamaliquidmagnam.png?size=30x30&set=set1'),
(22, 'Dwarf Birch', 'https://robohash.org/idvelquae.png?size=30x30&set=set1'),
(23, 'Wildginger', 'https://robohash.org/quiautemducimus.png?size=30x30&set=set1'),
(24, 'Bristly Buttercup', 'https://robohash.org/suntpraesentiumcum.png?size=30x30&set=set1'),
(25, 'Shortspike Noseburn', 'https://robohash.org/reprehenderitdoloresvoluptates.png?size=30x30&set=set1'),
(26, 'Wickes Loeskypnum Moss', 'https://robohash.org/enimestnemo.png?size=30x30&set=set1'),
(27, 'California Bedstraw', 'https://robohash.org/errorrerumet.png?size=30x30&set=set1'),
(28, 'Mt. Lassen Fleabane', 'https://robohash.org/utquisquibusdam.png?size=30x30&set=set1'),
(29, 'Cneoridium', 'https://robohash.org/odiocumdeleniti.png?size=30x30&set=set1'),
(30, 'Racomitrium Moss', 'https://robohash.org/voluptassapienteconsequatur.png?size=30x30&set=set1');



INSERT INTO category (categoryID, name) VALUES
(1, 'Asteraceae'),
(2, 'Asteraceae'),
(3, 'Pittosporaceae'),
(4, 'Hydrophyllaceae'),
(5, 'Rhamnaceae'),
(6, 'Fabaceae'),
(7, 'Cucurbitaceae'),
(8, 'Fabaceae'),
(9, 'Asteraceae'),
(10, 'Begoniaceae');


INSERT INTO unit (unitID, name) VALUES
(1, 'PLN'),
(2, 'CNY'),
(3, 'HRK'),
(4, 'VND'),
(5, 'SEK'),
(6, 'IDR'),
(7, 'CNY'),
(8, 'SEK'),
(9, 'PEN'),
(10, 'PHP'),
(11, 'PHP'),
(12, 'BAM'),
(13, 'EUR'),
(14, 'CZK'),
(15, 'IDR');



INSERT INTO ingredient (ingredientID, name, stock, categoryID, unitID) VALUES
(2, 'Plumeless Thistle', '50.37', 10, 1),
(3, 'Gulf Cockspur Grass', '36.18', 2, 2),
(4, 'Siskiyou False Rue Anemone', '91.80', 5, 1),
(5, 'Mountain Mock Thelypody', '93.54', 1, 12),
(6, 'Fringed Windmill Grass', '37.28', 5, 1),
(7, 'Tatarian Honeysuckle', '58.16', 5, 10),
(8, 'Trinity Penstemon', '56.15', 10, 2),
(9, 'Poranopsis', '7.26', 2, 6),
(10, 'Hairy False Goldenaster', '29.82', 10, 14),
(11, 'Whiteds Fissurewort', '79.70', 6, 12),
(12, 'Slenderstem Lessingia', '75.16', 10, 5),
(13, 'Spurry Buckwheat', '40.30', 5, 7),
(14, 'Melaspilea Lichen', '81.45', 10, 4),
(15, 'Thinleaf Huckleberry', '96.96', 7, 3),
(16, 'Subalpine Fir', '36.36', 1, 9),
(17, 'Greater Galangal', '23.80', 3, 2),
(18, 'Devilwood', '44.38', 6, 4),
(19, 'Sedge', '31.18', 1, 3),
(20, 'Plantainleaf Dubautia', '78.84', 2, 7),
(21, 'High-plains Beeblossom', '86.34', 8, 14),
(22, 'Calcareous Lichenothelia Lichen', '37.63', 10, 11),
(23, 'Spurry Buckwheat', '99.18', 10, 12),
(24, 'Gila Rockdaisy', '17.48', 9, 12),
(25, 'Early Meadow-rue', '5.02', 3, 4),
(26, 'Button Burrweed', '32.45', 3, 11),
(27, 'Grassleaf Lettuce', '33.18', 8, 8),
(28, 'Spectacle Fruit', '47.65', 9, 9),
(29, 'Wingleaf Passionflower', '37.73', 1, 12),
(30, 'Little Nipple Cactus', '17.77', 5, 13),
(31, 'Smallflower Groundcherry', '57.02', 5, 3),
(32, 'Blackthread Lichen', '49.26', 10, 13),
(33, 'Cup Lichen', '60.32', 8, 7),
(34, 'Wrinkleleaf Goldenrod', '37.05', 3, 2),
(35, 'Tansy Bristle Fern', '76.79', 1, 3),
(36, 'Mexican Blazingstar', '3.09', 5, 8),
(37, 'Louisiana Broomrape', '44.11', 7, 13),
(38, 'Disc Lichen', '22.09', 2, 6),
(39, 'Hermans Dwarf Rush', '37.15', 3, 14),
(40, 'Waialeale Dubautia', '45.83', 2, 1),
(41, 'Keeled Bulrush', '49.40', 10, 1),
(42, 'Redstar', '33.05', 4, 14),
(43, 'Broadleaf Stonecrop', '69.57', 1, 7),
(44, 'Whipples Penstemon', '37.08', 9, 4),
(45, 'Guama Venezolano', '9.94', 7, 9),
(46, 'Monarch Clubmoss', '92.20', 3, 12),
(47, 'Tree Phaeographis', '72.16', 5, 11),
(48, 'Everblooming Ixora', '47.14', 3, 11),
(49, 'Slender Bunchflower', '46.59', 9, 3),
(50, 'Tenangle Pipewort', '17.21', 9, 8),
(51, 'Laurents Milkvetch', '69.02', 1, 4),
(52, 'Rogue River Milkvetch', '74.68', 7, 5),
(53, 'Mariposa Monkeyflower', '59.53', 5, 11),
(54, 'False Babystars', '82.10', 4, 6),
(55, 'Pseudotaxiphyllum Moss', '17.79', 1, 3),
(56, 'Horned Pondweed', '13.99', 7, 5),
(57, 'Oneleaf Foamflower', '31.23', 7, 7),
(58, 'Largetooth Calcareous Moss', '40.13', 10, 6),
(59, 'Burgess Skin Lichen', '34.03', 1, 5),
(60, 'Yellow Asphodel', '59.76', 5, 13),
(61, 'Beautiful Alumroot', '1.06', 7, 2),
(62, 'Giant Red Indian Paintbrush', '14.14', 5, 12),
(63, 'Sand Pygmyweed', '45.95', 2, 1),
(64, 'Texas Plains Indian Breadroot', '3.14', 9, 1),
(65, 'West Indian Treebine', '62.35', 7, 6),
(66, 'Apache Plume', '28.65', 1, 3),
(67, 'Sierra Baby Blue Eyes', '4.20', 10, 10),
(68, 'Danes Blood', '73.16', 10, 10),
(69, 'Sapota', '80.43', 4, 14),
(70, 'Winters Bark', '88.95', 9, 5),
(71, 'Smiths Sunflower', '12.62', 7, 1),
(72, 'Canadian White Violet', '44.12', 8, 9),
(73, 'American Stickseed', '62.76', 6, 6),
(74, 'Grand Canyon Blazingstar', '16.29', 10, 1),
(75, 'Austins Milkvetch', '40.02', 1, 3),
(76, 'English Ivy', '92.71', 4, 12),
(77, 'Utah Agave', '47.91', 10, 8),
(78, 'Pride Of Ohio', '80.53', 7, 4),
(79, 'Cicer', '18.21', 5, 14),
(80, 'Island Sand Verbena', '1.23', 2, 7),
(81, 'Bullich', '62.98', 2, 14),
(82, 'Spotted Joe Pye Weed', '53.18', 3, 5),
(83, 'Veitchs Screwpine', '49.73', 3, 5),
(84, 'Spearleaf Stonecrop', '49.45', 7, 14),
(85, 'Oakes Pondweed', '42.45', 6, 12),
(86, 'Paperflower', '50.96', 2, 5),
(87, 'Alpine Bearberry', '71.77', 1, 9),
(88, 'Santa Rosa Island Manzanita', '37.18', 8, 9),
(89, 'Thelidium Lichen', '57.16', 8, 4),
(90, 'Covilles Rush', '29.06', 8, 14),
(91, 'Smallflower Fishhook Cactus', '81.56', 7, 14),
(92, 'Disc Lichen', '57.99', 6, 14),
(93, 'Panamint Mountain Lupine', '48.43', 7, 15),
(94, 'Polished Blazingstar', '87.77', 2, 5),
(95, 'Citron', '72.81', 5, 5),
(96, 'Azadirachta', '87.15', 4, 10),
(97, 'Balm', '94.17', 6, 14),
(98, 'Pseudoleskeella Moss', '26.56', 5, 4),
(99, 'Showy Forsythia', '51.49', 9, 14),
(100, 'Map Lichen', '36.10', 8, 8),
(101, 'Tundra Buttercup', '61.06', 2, 4),
(102, 'Dwarf Euonymus', '40.45', 2, 1),
(103, 'Broadleaf Lupine', '29.06', 1, 13),
(104, 'Oahu Cyrtandra', '31.04', 7, 2),
(105, 'Porters False Needlegrass', '84.95', 5, 7),
(106, 'Phaeosporobolus', '87.56', 9, 2),
(107, 'Yuma Browneyes', '39.09', 7, 2),
(108, 'Scratchbush', '52.99', 5, 2),
(109, 'Henna', '22.53', 3, 3),
(110, 'Edible Thistle', '33.25', 7, 6),
(111, 'Michauxs Wormwood', '33.89', 8, 14),
(112, 'Creeping Necklace Fern', '79.92', 10, 5),
(113, 'Threeleaf Blackberry', '17.02', 5, 1),
(114, 'Wolfs Currant', '60.32', 7, 6),
(115, 'Lompoc Mesa Bush Monkeyflower', '62.48', 1, 6),
(116, 'Allegheny-spurge', '97.68', 9, 7),
(117, 'Whitetop-box', '38.11', 6, 2),
(118, 'Bearded Clover', '40.70', 6, 2),
(119, 'Sulphur-flower Buckwheat', '34.94', 8, 1),
(120, 'Barren Willow', '70.68', 9, 7),
(121, 'Makaha Valley Jackbean', '75.52', 5, 1),
(122, 'Takeuchs Lipfern', '23.33', 7, 2),
(123, 'Arctic Funaria Moss', '10.06', 8, 11),
(124, 'Florida Phlox', '56.72', 3, 6),
(125, 'Double Twinpod', '95.80', 5, 12),
(126, 'Hygrohypnum Moss', '50.83', 10, 2),
(127, 'American Evergreen', '6.13', 4, 4),
(128, 'Nino De Cota', '32.61', 10, 3),
(129, 'Scoulers Surfgrass', '30.31', 1, 5),
(130, 'Aster', '98.74', 3, 11),
(131, 'Shieldpod', '44.71', 8, 3),
(132, 'Twinleaf', '1.17', 3, 14),
(133, 'Tree Cholla', '43.06', 9, 5),
(134, 'Kudzu', '33.76', 6, 3),
(135, 'Knokes Biscuitroot', '10.80', 7, 15),
(136, 'Pistachio Nut', '87.60', 10, 10),
(137, 'Littleleaf Milkpea', '66.11', 8, 9),
(138, 'Chione', '98.84', 6, 3),
(139, 'Hawaii Cheesewood', '96.23', 6, 12),
(140, 'Rusbys Milkwort', '20.28', 3, 1),
(141, 'Hawaii Olive', '79.53', 9, 15),
(142, 'Texas Plains Indian Breadroot', '94.10', 9, 7),
(143, 'Columbus Grass', '29.68', 3, 5),
(144, 'Blemished Lichen', '38.35', 2, 13),
(145, 'Sedge', '24.57', 9, 10),
(146, 'Larkspur', '94.55', 1, 4),
(147, 'Oahu Flatsedge', '79.02', 9, 6),
(148, 'Longbract Spiderwort', '36.41', 3, 15),
(149, 'Muhly', '40.77', 4, 6),
(150, 'Wiry Snapdragon', '86.30', 3, 1),
(151, 'Fishpoison', '8.62', 4, 6);



INSERT INTO menu_item (menu_itemID, name, photo) VALUES
(1, 'Laniaurius atrococcineus', 'http://dummyimage.com/164x198.png/ff4444/ffffff'),
(2, 'Theropithecus gelada', 'http://dummyimage.com/203x113.png/dddddd/000000'),
(3, 'Anathana ellioti', 'http://dummyimage.com/112x225.png/dddddd/000000'),
(4, 'Mabuya spilogaster', 'http://dummyimage.com/141x247.png/dddddd/000000'),
(5, 'Ceratotherium simum', 'http://dummyimage.com/174x133.png/dddddd/000000'),
(6, 'unavailable', 'http://dummyimage.com/192x214.png/ff4444/ffffff'),
(7, 'Eudyptula minor', 'http://dummyimage.com/108x236.png/cc0000/ffffff'),
(8, 'Buteo jamaicensis', 'http://dummyimage.com/139x129.png/ff4444/ffffff'),
(9, 'Papilio canadensis', 'http://dummyimage.com/111x191.png/ff4444/ffffff'),
(10, 'Antidorcas marsupialis', 'http://dummyimage.com/159x217.png/ff4444/ffffff'),
(11, 'Neotis denhami', 'http://dummyimage.com/114x176.png/ff4444/ffffff'),
(12, 'Phalacrocorax carbo', 'http://dummyimage.com/212x157.png/5fa2dd/ffffff'),
(13, 'Milvago chimachima', 'http://dummyimage.com/202x249.png/5fa2dd/ffffff'),
(14, 'Platalea leucordia', 'http://dummyimage.com/219x180.png/ff4444/ffffff'),
(15, 'Crotalus cerastes', 'http://dummyimage.com/164x149.png/5fa2dd/ffffff'),
(16, 'Ovibos moschatus', 'http://dummyimage.com/235x225.png/ff4444/ffffff'),
(17, 'Libellula quadrimaculata', 'http://dummyimage.com/235x168.png/cc0000/ffffff'),
(18, 'Terathopius ecaudatus', 'http://dummyimage.com/213x110.png/cc0000/ffffff'),
(19, 'Corvus brachyrhynchos', 'http://dummyimage.com/220x186.png/ff4444/ffffff'),
(20, 'Phoenicopterus chilensis', 'http://dummyimage.com/162x246.png/ff4444/ffffff'),
(21, 'Carduelis uropygialis', 'http://dummyimage.com/120x229.png/5fa2dd/ffffff'),
(22, 'unavailable', 'http://dummyimage.com/103x209.png/cc0000/ffffff'),
(23, 'Diomedea irrorata', 'http://dummyimage.com/117x201.png/cc0000/ffffff'),
(24, 'Spheniscus magellanicus', 'http://dummyimage.com/192x149.png/dddddd/000000'),
(25, 'Macropus robustus', 'http://dummyimage.com/193x193.png/ff4444/ffffff'),
(26, 'Larus dominicanus', 'http://dummyimage.com/108x153.png/cc0000/ffffff'),
(27, 'Centrocercus urophasianus', 'http://dummyimage.com/148x182.png/dddddd/000000'),
(28, 'Myotis lucifugus', 'http://dummyimage.com/157x176.png/5fa2dd/ffffff'),
(29, 'Vanellus armatus', 'http://dummyimage.com/145x182.png/dddddd/000000'),
(30, 'Myotis lucifugus', 'http://dummyimage.com/165x223.png/5fa2dd/ffffff'),
(31, 'Eubalaena australis', 'http://dummyimage.com/244x235.png/5fa2dd/ffffff'),
(32, 'Uraeginthus angolensis', 'http://dummyimage.com/226x110.png/cc0000/ffffff'),
(33, 'Philetairus socius', 'http://dummyimage.com/152x194.png/5fa2dd/ffffff'),
(34, 'Colaptes campestroides', 'http://dummyimage.com/131x224.png/5fa2dd/ffffff'),
(35, 'Uraeginthus bengalus', 'http://dummyimage.com/159x140.png/5fa2dd/ffffff'),
(36, 'Macaca fuscata', 'http://dummyimage.com/104x246.png/cc0000/ffffff'),
(37, 'Nyctanassa violacea', 'http://dummyimage.com/178x185.png/ff4444/ffffff'),
(38, 'Chlamydosaurus kingii', 'http://dummyimage.com/196x240.png/cc0000/ffffff'),
(39, 'Mazama gouazoubira', 'http://dummyimage.com/205x212.png/5fa2dd/ffffff'),
(40, 'Cynomys ludovicianus', 'http://dummyimage.com/128x129.png/dddddd/000000'),
(41, 'Motacilla aguimp', 'http://dummyimage.com/143x244.png/5fa2dd/ffffff'),
(42, 'Junonia genoveua', 'http://dummyimage.com/179x207.png/dddddd/000000'),
(43, 'Anitibyx armatus', 'http://dummyimage.com/212x215.png/dddddd/000000'),
(44, 'Canis aureus', 'http://dummyimage.com/236x165.png/dddddd/000000'),
(45, 'Lybius torquatus', 'http://dummyimage.com/129x236.png/dddddd/000000'),
(46, 'Melanerpes erythrocephalus', 'http://dummyimage.com/133x131.png/dddddd/000000'),
(47, 'Streptopelia senegalensis', 'http://dummyimage.com/118x214.png/cc0000/ffffff'),
(48, 'Lamprotornis nitens', 'http://dummyimage.com/192x206.png/dddddd/000000'),
(49, 'Alligator mississippiensis', 'http://dummyimage.com/116x134.png/dddddd/000000'),
(50, 'Alcelaphus buselaphus caama', 'http://dummyimage.com/222x160.png/cc0000/ffffff'),
(51, 'Cervus elaphus', 'http://dummyimage.com/146x166.png/dddddd/000000'),
(52, 'Ara chloroptera', 'http://dummyimage.com/111x187.png/cc0000/ffffff'),
(53, 'Leptoptilos crumeniferus', 'http://dummyimage.com/196x230.png/ff4444/ffffff'),
(54, 'Paraxerus cepapi', 'http://dummyimage.com/233x233.png/5fa2dd/ffffff'),
(55, 'Vulpes chama', 'http://dummyimage.com/108x107.png/5fa2dd/ffffff'),
(56, 'Gabianus pacificus', 'http://dummyimage.com/143x161.png/ff4444/ffffff'),
(57, 'Ardea cinerea', 'http://dummyimage.com/216x231.png/5fa2dd/ffffff'),
(58, 'Eolophus roseicapillus', 'http://dummyimage.com/202x187.png/ff4444/ffffff'),
(59, 'Buteo jamaicensis', 'http://dummyimage.com/110x249.png/ff4444/ffffff'),
(60, 'Haliaetus leucogaster', 'http://dummyimage.com/208x228.png/dddddd/000000'),
(61, 'Anser anser', 'http://dummyimage.com/132x131.png/dddddd/000000'),
(62, 'Alopochen aegyptiacus', 'http://dummyimage.com/219x218.png/ff4444/ffffff'),
(63, 'Ninox superciliaris', 'http://dummyimage.com/211x173.png/dddddd/000000'),
(64, 'Sagittarius serpentarius', 'http://dummyimage.com/242x144.png/cc0000/ffffff'),
(65, 'Dasypus novemcinctus', 'http://dummyimage.com/183x157.png/dddddd/000000'),
(66, 'Neotis denhami', 'http://dummyimage.com/129x118.png/ff4444/ffffff'),
(67, 'Gymnorhina tibicen', 'http://dummyimage.com/176x151.png/ff4444/ffffff'),
(68, 'Nucifraga columbiana', 'http://dummyimage.com/235x242.png/ff4444/ffffff'),
(69, 'Crocuta crocuta', 'http://dummyimage.com/249x174.png/cc0000/ffffff'),
(70, 'Ovis ammon', 'http://dummyimage.com/119x135.png/dddddd/000000');


INSERT INTO menu_item_has_allergy (menu_itemID, allergyID) VALUES
(1, 2),
(1, 4),
(2, 1),
(2, 12),
(2, 13),
(2, 19),
(3, 7),
(3, 20),
(4, 10),
(4, 19),
(4, 23),
(5, 5),
(5, 18),
(6, 8),
(7, 11),
(7, 18),
(8, 3),
(8, 5),
(8, 27),
(9, 10),
(9, 23),
(10, 2),
(10, 4),
(10, 17),
(10, 20),
(11, 4),
(12, 9),
(12, 18),
(13, 4),
(13, 6),
(13, 8),
(13, 13),
(13, 15),
(14, 1),
(14, 8),
(14, 14),
(14, 30),
(15, 4),
(15, 21),
(15, 23),
(16, 1),
(16, 15),
(16, 18),
(16, 27),
(17, 1),
(17, 6),
(17, 9),
(17, 10),
(17, 11),
(17, 17),
(18, 4),
(18, 6),
(19, 5),
(19, 16),
(20, 2),
(20, 6),
(20, 7),
(20, 22),
(22, 13),
(22, 25),
(22, 28),
(23, 1),
(23, 7),
(23, 14),
(23, 15),
(24, 25),
(25, 8),
(25, 19),
(25, 20),
(25, 21),
(25, 24),
(26, 22),
(27, 14),
(27, 18),
(27, 20),
(27, 25),
(28, 16),
(28, 30),
(29, 18),
(30, 16),
(31, 11),
(31, 17),
(32, 8),
(33, 4),
(33, 6),
(33, 23),
(33, 29),
(34, 6),
(35, 16),
(35, 26),
(36, 1),
(36, 7),
(36, 16),
(36, 18),
(36, 19),
(37, 2),
(37, 7),
(37, 16),
(37, 17),
(38, 5),
(38, 11),
(39, 3),
(39, 7),
(39, 17),
(39, 19),
(40, 4),
(40, 11),
(40, 12),
(40, 19),
(40, 23),
(40, 29),
(41, 2),
(41, 7),
(41, 19),
(42, 4),
(42, 5),
(42, 7),
(42, 8),
(42, 16),
(43, 17),
(43, 19),
(43, 27),
(43, 29),
(44, 1),
(44, 17),
(44, 21),
(45, 27),
(46, 21),
(46, 30),
(47, 1),
(47, 7),
(47, 14),
(47, 16),
(47, 20),
(47, 29),
(48, 4),
(48, 30),
(49, 30),
(50, 14),
(51, 21),
(52, 2),
(52, 3),
(52, 5),
(52, 29),
(52, 30),
(54, 4),
(54, 9),
(54, 27),
(55, 23),
(55, 27),
(56, 22),
(56, 26),
(57, 8),
(57, 13),
(57, 21),
(57, 27),
(58, 21),
(58, 22),
(59, 6),
(59, 11),
(59, 14),
(60, 15),
(60, 21),
(60, 22),
(61, 4),
(61, 7),
(61, 22),
(62, 9),
(62, 13),
(62, 14),
(62, 21),
(63, 16),
(63, 20),
(63, 23),
(63, 28),
(64, 22),
(64, 28),
(65, 2),
(65, 13),
(65, 19),
(65, 27),
(66, 10),
(66, 16),
(66, 28),
(66, 30),
(67, 17),
(67, 18),
(67, 19),
(68, 2),
(68, 12),
(68, 22),
(68, 24),
(68, 28),
(70, 4),
(70, 8),
(70, 9),
(70, 14),
(70, 29);



INSERT INTO menu_item_has_ingredient (inputID, menu_itemID, ingredientID) VALUES
(1, 69, 125),
(2, 8, 144),
(3, 5, 150),
(4, 27, 88),
(5, 5, 51),
(6, 16, 29),
(7, 35, 20),
(8, 28, 98),
(9, 53, 30),
(10, 40, 142),
(11, 26, 86),
(12, 33, 136),
(13, 53, 37),
(14, 63, 67),
(15, 34, 121),
(16, 42, 113),
(17, 13, 138),
(18, 4, 135),
(19, 53, 136),
(20, 1, 146),
(21, 7, 17),
(22, 16, 66),
(23, 42, 144),
(24, 13, 134),
(25, 48, 26),
(26, 57, 104),
(27, 20, 58),
(28, 52, 45),
(29, 21, 58),
(30, 4, 74),
(31, 63, 27),
(32, 9, 89),
(33, 38, 122),
(34, 24, 31),
(35, 68, 18),
(36, 63, 15),
(37, 2, 135),
(38, 64, 100),
(39, 42, 147),
(40, 43, 91),
(41, 29, 113),
(42, 48, 112),
(43, 13, 25),
(44, 42, 23),
(45, 15, 53),
(46, 15, 58),
(47, 28, 132),
(48, 8, 101),
(49, 34, 126),
(50, 46, 8),
(51, 54, 35),
(52, 22, 68),
(53, 69, 123),
(54, 60, 118),
(55, 18, 73),
(56, 67, 54),
(57, 15, 51),
(58, 9, 126),
(59, 63, 82),
(60, 47, 127),
(61, 4, 33),
(62, 9, 147),
(63, 27, 114),
(64, 28, 30),
(65, 1, 36),
(66, 35, 34),
(67, 62, 136),
(68, 45, 131),
(69, 65, 103),
(70, 51, 120),
(71, 9, 84),
(72, 57, 128),
(73, 50, 110),
(74, 15, 81),
(75, 35, 32),
(76, 41, 89),
(77, 42, 84),
(78, 60, 21),
(79, 26, 139),
(80, 44, 23),
(81, 13, 143),
(82, 56, 126),
(83, 45, 46),
(84, 69, 113),
(85, 67, 10),
(86, 24, 80),
(87, 54, 65),
(88, 2, 90),
(89, 48, 25),
(90, 57, 6),
(91, 5, 47),
(92, 62, 56),
(93, 5, 6),
(94, 68, 116),
(95, 46, 8),
(96, 45, 39),
(98, 26, 85),
(99, 52, 45),
(100, 21, 58),
(101, 4, 74),
(102, 63, 27),
(103, 9, 89),
(104, 38, 122),
(105, 24, 31),
(106, 68, 18),
(107, 63, 15),
(108, 2, 135),
(109, 64, 100),
(110, 42, 147),
(111, 43, 91),
(112, 29, 113),
(113, 48, 112),
(114, 13, 25),
(115, 42, 23),
(116, 15, 53),
(117, 15, 58),
(118, 28, 132),
(119, 8, 101),
(120, 34, 126),
(121, 46, 8),
(122, 54, 35),
(123, 22, 68),
(124, 69, 123),
(125, 60, 118),
(126, 18, 73),
(127, 67, 54),
(128, 15, 51),
(129, 9, 126),
(130, 63, 82),
(131, 47, 127),
(132, 4, 33),
(133, 9, 147),
(134, 27, 114),
(135, 28, 30),
(136, 1, 36),
(137, 35, 34),
(138, 62, 136),
(139, 45, 131),
(140, 65, 103),
(141, 51, 120),
(142, 9, 84),
(143, 57, 128),
(144, 50, 110),
(145, 15, 81),
(146, 35, 32),
(147, 41, 89),
(148, 42, 84),
(149, 60, 21),
(150, 26, 139),
(151, 44, 23),
(152, 13, 143),
(153, 56, 126),
(154, 45, 46),
(155, 69, 113),
(156, 67, 10),
(157, 24, 80),
(158, 54, 65),
(159, 2, 90),
(160, 48, 25),
(161, 57, 6),
(162, 5, 47),
(163, 62, 56),
(164, 5, 6),
(165, 68, 116),
(166, 46, 8),
(167, 45, 39),
(169, 26, 85);



INSERT INTO position (positionID, position) VALUES
(1, 'Fuscia'),
(2, 'Maroon'),
(3, 'Green'),
(4, 'Goldenrod'),
(5, 'Purple'),
(6, 'Fuscia'),
(7, 'Maroon');


INSERT INTO rank (rankID, rank_name) VALUES
(1, 'K'),
(2, 'MKC'),
(3, 'FRAN'),
(4, 'DM');


INSERT INTO user (userID, first_name, last_name, email, phone, rankID) VALUES
(1, 'Crawford', 'Livezley', 'clivezley0@webs.com', '972-381-0674', 3),
(2, 'Darrelle', 'Seldner', 'dseldner1@umn.edu', '820-381-6702', 1),
(3, 'Ralf', 'Gawthorp', 'rgawthorp2@exblog.jp', '769-889-5695', 1),
(4, 'Barris', 'Brouwer', 'bbrouwer3@sohu.com', '970-892-7684', 3),
(5, 'Clerc', 'Pluvier', 'cpluvier4@vistaprint.com', '196-830-2690', 3),
(6, 'Rici', 'Dedenham', 'rdedenham5@about.me', '385-801-8108', 3),
(7, 'Dacia', 'Paye', 'dpaye6@is.gd', '405-765-2274', 3),
(8, 'Sharity', 'Dunsleve', 'sdunsleve7@cmu.edu', '266-684-4588', 2),
(9, 'Claire', 'Swiffen', 'cswiffen8@wikipedia.org', '598-616-9174', 3),
(10, 'Ivie', 'Lindelof', 'ilindelof9@purevolume.com', '208-657-8482', 3),
(11, 'Damian', 'Balaizot', 'dbalaizota@delicious.com', '110-938-7255', 1),
(12, 'Bernelle', 'Cockrem', 'bcockremb@sina.com.cn', '633-763-2038', 3),
(13, 'Teodor', 'Hurt', 'thurtc@aol.com', '843-152-1547', 2),
(14, 'Barrett', 'Gerleit', 'bgerleitd@instagram.com', '532-977-2739', 3),
(15, 'Jennifer', 'Kumar', 'jkumare@vkontakte.ru', '137-579-4981', 2),
(16, 'Annmaria', 'Millthorpe', 'amillthorpef@yellowpages.com', '653-469-7580', 3),
(17, 'Merilee', 'Abdey', 'mabdeyg@time.com', '750-758-8775', 2),
(18, 'Alexander', 'Breckin', 'abreckinh@statcounter.com', '129-734-5816', 3),
(19, 'Christiana', 'Yven', 'cyveni@guardian.co.uk', '915-904-5924', 2),
(20, 'Lyndell', 'Kenchington', 'lkenchingtonj@comcast.net', '141-714-9264', 2),
(21, 'Coop', 'Linguard', 'clinguardk@sakura.ne.jp', '123-881-2437', 1),
(22, 'Daniella', 'Sturte', 'dsturtel@cocolog-nifty.com', '474-282-3935', 1),
(23, 'Cybil', 'Furlonge', 'cfurlongem@goo.ne.jp', '787-103-6726', 2),
(24, 'Larine', 'Pinkstone', 'lpinkstonen@cmu.edu', '720-322-4571', 1),
(25, 'Tracey', 'Morgen', 'tmorgeno@studiopress.com', '835-910-6058', 2),
(26, 'Alicea', 'Stormes', 'astormesp@businesswire.com', '491-200-3427', 3),
(27, 'Richy', 'Whiskin', 'rwhiskinq@cnet.com', '468-715-9247', 3),
(28, 'Garrik', 'Gookey', 'ggookeyr@hao123.com', '651-150-2659', 3),
(29, 'Cheslie', 'Botting', 'cbottings@dell.com', '843-597-7300', 1),
(30, 'Cristine', 'Cheyney', 'ccheyneyt@delicious.com', '386-334-1217', 3),
(31, 'Devy', 'Casina', 'dcasinau@oakley.com', '511-184-2719', 3),
(32, 'Vinita', 'Scutter', 'vscutterv@cdbaby.com', '593-417-9606', 2),
(33, 'Britni', 'Boolsen', 'bboolsenw@buzzfeed.com', '583-275-3770', 2),
(34, 'Otto', 'Gronaver', 'ogronaverx@pinterest.com', '913-734-4352', 2),
(35, 'Roscoe', 'Lockery', 'rlockeryy@msn.com', '167-246-4898', 2),
(36, 'Tonia', 'Duckett', 'tduckettz@usa.gov', '397-785-3366', 1),
(37, 'Arri', 'Talman', 'atalman10@dropbox.com', '540-726-6707', 1),
(38, 'Hallie', 'Bloxsome', 'hbloxsome11@globo.com', '889-932-7861', 2),
(39, 'Elbert', 'Yoslowitz', 'eyoslowitz12@unc.edu', '836-797-9956', 1),
(40, 'Dion', 'Sleney', 'dsleney13@unesco.org', '344-790-6411', 2),
(41, 'Kara-lynn', 'Ruddiman', 'kruddiman14@mlb.com', '290-844-6422', 1),
(42, 'Loni', 'Balham', 'lbalham15@sina.com.cn', '399-681-7855', 2),
(43, 'Gabrielle', 'Farbrace', 'gfarbrace16@spotify.com', '686-870-6892', 2),
(44, 'Ardith', 'Missen', 'amissen17@google.com.br', '972-719-8305', 3),
(45, 'Carmine', 'Oager', 'coager18@nasa.gov', '189-247-4041', 3),
(46, 'Koenraad', 'Pippin', 'kpippin19@virginia.edu', '265-301-7757', 2),
(47, 'Conney', 'Gomery', 'cgomery1a@addthis.com', '413-473-5313', 2),
(48, 'Davon', 'Bryson', 'dbryson1b@mozilla.org', '191-677-9002', 1),
(49, 'Deeanne', 'Loynes', 'dloynes1c@posterous.com', '563-431-0791', 1),
(50, 'Amberly', 'Simcox', 'asimcox1d@ifeng.com', '941-837-4216', 3),
(51, 'Roland', 'Rubenovic', 'rrubenovic1e@discovery.com', '795-775-1026', 1),
(52, 'Baldwin', 'Mathers', 'bmathers1f@theguardian.com', '835-381-7555', 2),
(53, 'Susanne', 'Hankard', 'shankard1g@examiner.com', '234-734-9937', 3),
(54, 'Rooney', 'Drewe', 'rdrewe1h@clickbank.net', '999-554-5077', 3),
(55, 'Auguste', 'Haffenden', 'ahaffenden1i@sfgate.com', '100-477-0696', 2),
(56, 'Kikelia', 'Gullivan', 'kgullivan1j@simplemachines.org', '551-674-0956', 2),
(57, 'Dilan', 'Jansey', 'djansey1k@wikipedia.org', '246-113-6574', 3),
(58, 'Leisha', 'Milesop', 'lmilesop1l@histats.com', '890-299-0667', 2),
(59, 'Alika', 'Pigram', 'apigram1m@pbs.org', '912-949-3234', 2),
(60, 'Serge', 'Gudgin', 'sgudgin1n@huffingtonpost.com', '931-306-3089', 1),
(61, 'Krysta', 'Coaten', 'kcoaten1o@ezinearticles.com', '437-409-5185', 3),
(62, 'Sutton', 'Gullis', 'sgullis1p@pen.io', '376-941-8729', 2),
(63, 'Marielle', 'Furmage', 'mfurmage1q@bloomberg.com', '389-627-5260', 3),
(64, 'Beatrice', 'Benny', 'bbenny1r@google.nl', '647-609-5553', 2),
(65, 'Amelia', 'Twidale', 'atwidale1s@businessweek.com', '255-300-5557', 3),
(66, 'Oliviero', 'Ondrus', 'oondrus1t@forbes.com', '148-849-1031', 2),
(67, 'Jamaal', 'Sandal', 'jsandal1u@vinaora.com', '696-395-0998', 3),
(68, 'Bent', 'Monery', 'bmonery1v@buzzfeed.com', '541-904-8555', 1),
(69, 'Charlotta', 'Orneles', 'corneles1w@ucsd.edu', '561-188-7754', 1),
(70, 'Maurice', 'Alpes', 'malpes1x@vkontakte.ru', '759-274-0231', 2),
(71, 'Janeen', 'Merlin', 'jmerlin1y@slate.com', '499-331-8122', 3),
(72, 'Maddalena', 'Persse', 'mpersse1z@un.org', '594-869-6904', 1),
(73, 'Corabel', 'Aseef', 'caseef20@timesonline.co.uk', '821-315-5608', 1),
(74, 'Tessi', 'Python', 'tpython21@tumblr.com', '529-373-3569', 3),
(75, 'Anni', 'Hacquard', 'ahacquard22@flickr.com', '464-972-2570', 2),
(76, 'Aubrette', 'Minney', 'aminney23@edublogs.org', '360-684-8351', 1),
(77, 'Emera', 'Corringham', 'ecorringham24@posterous.com', '610-509-1616', 2),
(78, 'Cookie', 'Kale', 'ckale25@networkadvertising.org', '348-804-5046', 3),
(79, 'Dolly', 'Sire', 'dsire26@google.ru', '940-730-8822', 2),
(80, 'Matthias', 'Fishbourne', 'mfishbourne27@disqus.com', '645-468-5940', 1),
(81, 'Betti', 'Swanne', 'bswanne28@bbb.org', '737-561-0008', 2),
(82, 'Dyana', 'McGraw', 'dmcgraw29@newsvine.com', '879-607-8905', 1),
(83, 'Nancie', 'MacKeeg', 'nmackeeg2a@xing.com', '367-664-2750', 1),
(84, 'Jerome', 'Fidian', 'jfidian2b@bbc.co.uk', '505-817-8952', 2),
(85, 'Nolan', 'Westley', 'nwestley2c@yellowbook.com', '100-743-2891', 3),
(86, 'Analise', 'Nightingale', 'anightingale2d@domainmarket.com', '613-432-9630', 2),
(87, 'Adela', 'Machel', 'amachel2e@ucoz.com', '514-753-3210', 2),
(88, 'Olia', 'Pomfret', 'opomfret2f@army.mil', '345-240-9787', 3),
(89, 'Karrie', 'Caird', 'kcaird2g@pcworld.com', '862-114-7457', 2),
(90, 'Killie', 'Tongs', 'ktongs2h@statcounter.com', '409-429-5604', 1),
(91, 'Devondra', 'Hune', 'dhune2i@wikia.com', '420-722-4757', 3),
(92, 'Rinaldo', 'Ellesmere', 'rellesmere2j@wordpress.com', '934-439-0848', 1),
(93, 'Cherin', 'Berre', 'cberre2k@hatena.ne.jp', '297-813-4079', 3),
(94, 'Roxine', 'Walklott', 'rwalklott2l@mlb.com', '327-118-8392', 2),
(95, 'Richart', 'Seif', 'rseif2m@cmu.edu', '801-336-1514', 1),
(96, 'Reggy', 'Redier', 'rredier2n@sbwire.com', '834-880-7895', 2),
(97, 'Darda', 'Losebie', 'dlosebie2o@boston.com', '356-790-8103', 3),
(98, 'Bert', 'Fonso', 'bfonso2p@timesonline.co.uk', '820-916-2336', 2),
(99, 'Billy', 'Chamberlaine', 'bchamberlaine2q@china.com.cn', '974-917-5990', 3),
(100, 'Binnie', 'Keepence', 'bkeepence2r@friendfeed.com', '315-473-5513', 1),
(101, 'Tiffy', 'Persey', 'tpersey2s@opensource.org', '119-166-4343', 3),
(102, 'John', 'Boulde', 'jboulde2t@liveinternet.ru', '518-853-3826', 2),
(103, 'Ignacio', 'Gillion', 'igillion2u@cocolog-nifty.com', '434-448-9126', 1),
(104, 'Moselle', 'Hargitt', 'mhargitt2v@addtoany.com', '850-921-7604', 1),
(105, 'Tabby', 'Aslam', 'taslam2w@typepad.com', '201-275-2656', 2),
(106, 'Cory', 'Dowsey', 'cdowsey2x@tuttocitta.it', '719-622-4839', 3),
(107, 'Ainsley', 'Blissett', 'ablissett2y@sourceforge.net', '831-782-3202', 2),
(108, 'Fionna', 'Bruhke', 'fbruhke2z@4shared.com', '987-957-8704', 1),
(109, 'Zita', 'Dumbleton', 'zdumbleton30@geocities.com', '720-700-8101', 3),
(110, 'Mellie', 'Stanyard', 'mstanyard31@unesco.org', '469-481-7845', 1),
(111, 'Hercule', 'Filgate', 'hfilgate32@amazonaws.com', '774-336-7672', 2),
(112, 'Inger', 'Buggs', 'ibuggs33@independent.co.uk', '574-635-7224', 2),
(113, 'Solly', 'MacKenny', 'smackenny34@hugedomains.com', '268-403-3215', 2),
(114, 'Marlin', 'Klimov', 'mklimov35@chron.com', '574-731-1844', 3),
(115, 'Arleta', 'Authers', 'aauthers36@360.cn', '227-541-6942', 3),
(116, 'Rodina', 'Brodest', 'rbrodest37@fda.gov', '935-508-4854', 2),
(117, 'Julianna', 'Boerder', 'jboerder38@wp.com', '801-490-9225', 3),
(118, 'Bearnard', 'Rennenbach', 'brennenbach39@skyrock.com', '373-544-6843', 3),
(119, 'Billy', 'Rapelli', 'brapelli3a@acquirethisname.com', '111-956-6061', 1),
(120, 'Pacorro', 'Afonso', 'pafonso3b@over-blog.com', '967-399-6343', 1),
(121, 'Gabe', 'Tennewell', 'gtennewell3c@macromedia.com', '898-115-1525', 2),
(122, 'Yancy', 'Spinetti', 'yspinetti3d@senate.gov', '160-322-9404', 2),
(123, 'Fawne', 'Keigher', 'fkeigher3e@surveymonkey.com', '843-941-2559', 3),
(124, 'Amandy', 'Cannicott', 'acannicott3f@ebay.co.uk', '595-262-2284', 3),
(125, 'Arabele', 'Corry', 'acorry3g@godaddy.com', '597-330-9099', 2),
(126, 'Margi', 'Munn', 'mmunn3h@friendfeed.com', '924-611-8122', 1),
(127, 'Shalne', 'Van Arsdale', 'svanarsdale3i@arstechnica.com', '362-460-9867', 1),
(128, 'Gherardo', 'Arntzen', 'garntzen3j@typepad.com', '628-609-0102', 1),
(129, 'Colline', 'Roly', 'croly3k@chronoengine.com', '808-773-2092', 1),
(130, 'Rutter', 'Nottingam', 'rnottingam3l@a8.net', '524-667-9135', 3),
(131, 'Michaeline', 'Norrington', 'mnorrington3m@ovh.net', '618-969-4842', 2),
(132, 'Derby', 'Sabattier', 'dsabattier3n@netscape.com', '445-230-6689', 3),
(133, 'Ninnette', 'Caddell', 'ncaddell3o@goo.gl', '818-659-0812', 2),
(134, 'Marlow', 'Anfossi', 'manfossi3p@facebook.com', '308-211-8129', 1),
(135, 'Fielding', 'Lammie', 'flammie3q@mit.edu', '435-231-6380', 1),
(136, 'Daveen', 'Capaldo', 'dcapaldo3r@about.com', '928-931-6474', 3),
(137, 'Gael', 'Thaim', 'gthaim3s@skyrock.com', '873-538-6430', 1),
(138, 'Ronni', 'Oscroft', 'roscroft3t@vkontakte.ru', '209-889-0939', 3),
(139, 'Annie', 'Gallaher', 'agallaher3u@marriott.com', '704-364-8585', 1),
(140, 'Libbie', 'Sketchley', 'lsketchley3v@drupal.org', '539-887-1361', 3),
(141, 'Travus', 'McGavigan', 'tmcgavigan3w@topsy.com', '905-303-7563', 1),
(142, 'Margalo', 'Duckels', 'mduckels3x@drupal.org', '667-747-0544', 2),
(143, 'Gardener', 'Pallasch', 'gpallasch3y@flickr.com', '175-792-4044', 2),
(144, 'Marieann', 'Scarlin', 'mscarlin3z@vkontakte.ru', '517-463-2701', 3),
(145, 'Bekki', 'Stower', 'bstower40@alexa.com', '679-525-5010', 2),
(146, 'Cyndia', 'Eakley', 'ceakley41@csmonitor.com', '288-534-7748', 1),
(147, 'Janos', 'Greg', 'jgreg42@1und1.de', '922-677-6561', 1),
(148, 'Drusy', 'Cormack', 'dcormack43@alexa.com', '987-133-6665', 1),
(149, 'Sherrie', 'Greenlies', 'sgreenlies44@tamu.edu', '126-704-8815', 3),
(150, 'Manda', 'Gutridge', 'mgutridge45@bing.com', '869-277-9632', 1),
(151, 'Bryna', 'Nicklen', 'bnicklen46@youtube.com', '616-831-9698', 1),
(152, 'Leta', 'Leeds', 'lleeds47@free.fr', '937-537-8700', 1),
(153, 'Bernelle', 'OLennane', 'bolennane48@dedecms.com', '160-232-6542', 3),
(154, 'Nicoli', 'Roffey', 'nroffey49@mapquest.com', '785-379-2779', 2),
(155, 'Crosby', 'Rembrandt', 'crembrandt4a@booking.com', '294-971-7906', 2),
(156, 'Lib', 'Ronaghan', 'lronaghan4b@ibm.com', '419-474-8051', 2),
(157, 'Ernesto', 'Slowgrave', 'eslowgrave4c@sbwire.com', '712-611-2675', 2),
(158, 'Boyd', 'Degli Antoni', 'bdegliantoni4d@geocities.jp', '839-136-4668', 2),
(159, 'Dulsea', 'Comins', 'dcomins4e@samsung.com', '615-572-3010', 3),
(160, 'Elmira', 'Longina', 'elongina4f@blog.com', '776-918-0529', 3),
(161, 'Flint', 'Batrop', 'fbatrop4g@si.edu', '515-232-2880', 3),
(162, 'Marris', 'Dewi', 'mdewi4h@123-reg.co.uk', '499-548-2943', 1),
(163, 'Georgeta', 'Nowak', 'gnowak4i@usnews.com', '734-855-6208', 2),
(164, 'Skell', 'Atcherley', 'satcherley4j@addtoany.com', '421-621-6159', 2),
(165, 'Ginelle', 'Killik', 'gkillik4k@whitehouse.gov', '947-933-1834', 2),
(166, 'Misti', 'Tremble', 'mtremble4l@vk.com', '596-449-0357', 3),
(167, 'Lamont', 'Saundercock', 'lsaundercock4m@mail.ru', '859-520-9738', 2),
(168, 'Velvet', 'Fetterplace', 'vfetterplace4n@springer.com', '401-202-9915', 1),
(169, 'Katharine', 'Summerhayes', 'ksummerhayes4o@plala.or.jp', '183-880-7918', 3),
(170, 'Ruy', 'Salerg', 'rsalerg4p@mapquest.com', '187-747-4462', 3),
(171, 'Asa', 'Forcer', 'aforcer4q@youtu.be', '278-318-0246', 2),
(172, 'Donnie', 'Irdale', 'dirdale4r@creativecommons.org', '882-362-0110', 3),
(173, 'Jerrilee', 'Waslin', 'jwaslin4s@reverbnation.com', '282-390-5214', 1),
(174, 'Curry', 'Degg', 'cdegg4t@edublogs.org', '529-862-9999', 3),
(175, 'Jermain', 'OHallagan', 'johallagan4u@prnewswire.com', '163-736-8707', 2),
(176, 'Daren', 'Cove', 'dcove4v@tripod.com', '110-900-4344', 2),
(177, 'Elinore', 'Anscott', 'eanscott4w@mail.ru', '949-475-9428', 1),
(178, 'Fallon', 'Quickfall', 'fquickfall4x@sakura.ne.jp', '958-173-7304', 3),
(179, 'Wendy', 'Habershon', 'whabershon4y@technorati.com', '681-205-7245', 1),
(180, 'Alia', 'Myderscough', 'amyderscough4z@t.co', '811-670-3207', 2),
(181, 'Donnie', 'Tatford', 'dtatford50@ibm.com', '334-960-1074', 1),
(182, 'Moishe', 'Iacopetti', 'miacopetti51@digg.com', '712-252-8841', 2),
(183, 'Arlana', 'Browncey', 'abrowncey52@bloomberg.com', '892-990-6544', 2),
(184, 'Lancelot', 'McNeish', 'lmcneish53@linkedin.com', '442-498-7070', 2),
(185, 'Sheppard', 'Annakin', 'sannakin54@archive.org', '246-180-8563', 3),
(186, 'Phebe', 'Grinyov', 'pgrinyov55@google.com.au', '164-602-4365', 3),
(187, 'Stephan', 'Frodsam', 'sfrodsam56@ameblo.jp', '364-849-2462', 3),
(188, 'Libby', 'Gepheart', 'lgepheart57@stanford.edu', '118-782-1536', 3),
(189, 'Ronny', 'Palfrie', 'rpalfrie58@furl.net', '219-673-7744', 2),
(190, 'Marie-jeanne', 'OGorman', 'mogorman59@goo.ne.jp', '965-173-7488', 2),
(191, 'Dulcine', 'Gasken', 'dgasken5a@artisteer.com', '153-618-4066', 1),
(192, 'Timi', 'Bogart', 'tbogart5b@geocities.jp', '648-453-7535', 1),
(193, 'Melisse', 'Amdohr', 'mamdohr5c@sakura.ne.jp', '575-184-8457', 2),
(194, 'Carlen', 'Lalley', 'clalley5d@xrea.com', '786-605-8789', 3),
(195, 'Virgina', 'Lammertz', 'vlammertz5e@guardian.co.uk', '186-203-5710', 3),
(196, 'Bord', 'Phalip', 'bphalip5f@paginegialle.it', '571-627-5451', 2),
(197, 'Cathie', 'Held', 'cheld5g@ycombinator.com', '842-820-1763', 1),
(198, 'Trevar', 'Kenwrick', 'tkenwrick5h@aboutads.info', '708-150-0621', 2),
(199, 'Deborah', 'Loxley', 'dloxley5i@adobe.com', '190-817-1030', 3),
(200, 'Loralie', 'Caret', 'lcaret5j@jiathis.com', '620-983-2477', 2);

INSERT INTO restaurant_table (tableID, seats, table_status, positionID) VALUES
(1, 9, 1, 5),
(2, 3, 1, 4),
(3, 3, 1, 6),
(4, 7, 3, 2),
(5, 7, 1, 2),
(6, 1, 2, 6),
(7, 9, 1, 6),
(8, 6, 1, 6),
(9, 7, 1, 4),
(10, 4, 4, 2),
(11, 6, 4, 2),
(12, 2, 4, 2),
(13, 6, 1, 5),
(14, 9, 4, 4),
(15, 8, 1, 6),
(16, 3, 4, 1),
(17, 2, 2, 1),
(18, 9, 1, 3),
(19, 7, 3, 1),
(20, 4, 1, 4),
(21, 3, 3, 2),
(22, 10, 3, 6),
(23, 5, 3, 4),
(24, 7, 4, 2),
(25, 8, 1, 5),
(26, 4, 3, 6),
(27, 6, 4, 5),
(28, 2, 2, 2),
(29, 1, 2, 3),
(30, 5, 2, 6),
(31, 3, 4, 6),
(32, 1, 4, 6),
(33, 8, 3, 2),
(34, 6, 1, 2),
(35, 5, 4, 1),
(36, 9, 3, 4),
(37, 1, 3, 4),
(38, 6, 4, 6),
(39, 6, 4, 4),
(40, 2, 3, 7);


INSERT INTO reservation (reservationID, date, start_time, end_time, countdown, reservation_status, persons, notes, userID) VALUES
(1, '2021-09-25', '11:07:00', NULL, '49', 2, 3, NULL, 186),
(2, '2021-10-01', '16:09:00', NULL, '47', 4, 9, NULL, 104),
(3, '2021-10-01', '12:33:00', NULL, '92', 4, 9, 'nibh in hac habitasse platea dictumst aliquam augue quam sollicitudin vitae consectetuer eget rutrum at lorem integer tincidunt ante vel ipsum praesent blandit lacinia erat vestibulum', 69),
(4, '2021-09-23', '19:09:00', NULL, '73', 2, 5, NULL, 172),
(5, '2021-10-01', '14:10:00', NULL, '15', 2, 2, NULL, 146),
(6, '2021-10-01', '10:04:00', NULL, '92', 2, 2, NULL, 184),
(7, '2021-09-25', '13:55:00', NULL, '7', 4, 4, NULL, 92),
(8, '2021-10-01', '17:21:00', NULL, '59', 3, 4, NULL, 14),
(9, '2021-09-30', '17:37:00', NULL, '7', 4, 9, NULL, 96),
(10, '2021-09-22', '11:31:00', NULL, '68', 4, 1, NULL, 116),
(11, '2021-09-23', '20:06:00', NULL, '2', 3, 6, NULL, 41),
(12, '2021-09-26', '18:31:00', NULL, '77', 2, 2, 'pellentesque ultrices phasellus id sapien in sapien iaculis congue vivamus metus arcu adipiscing', 180),
(13, '2021-09-24', '17:34:00', NULL, '72', 2, 6, NULL, 108),
(14, '2021-09-29', '17:10:00', NULL, '76', 2, 4, NULL, 164),
(15, '2021-09-25', '12:49:00', NULL, '11', 2, 4, 'dictumst maecenas ut massa quis augue luctus tincidunt nulla mollis molestie lorem quisque ut erat curabitur gravida nisi at nibh in hac habitasse', 95),
(16, '2021-09-23', '18:35:00', NULL, '10', 2, 1, NULL, 106),
(17, '2021-09-27', '20:47:00', NULL, '32', 1, 7, 'diam cras pellentesque volutpat dui maecenas tristique est et tempus semper est quam pharetra magna ac consequat metus sapien ut nunc vestibulum ante ipsum primis', 176),
(18, '2021-09-30', '15:01:00', NULL, '55', 1, 2, NULL, 89),
(19, '2021-09-22', '13:14:00', NULL, '82', 4, 6, NULL, 27),
(20, '2021-09-26', '17:23:00', NULL, '87', 3, 7, NULL, 48),
(21, '2021-09-27', '13:42:00', NULL, '56', 4, 8, 'quisque erat eros viverra eget congue eget semper rutrum nulla nunc purus phasellus in felis donec semper sapien a libero nam dui proin leo odio', 39),
(22, '2021-09-22', '15:18:00', NULL, '52', 4, 6, 'montes nascetur ridiculus mus etiam vel augue vestibulum rutrum rutrum neque aenean auctor gravida sem praesent id', 158),
(23, '2021-09-30', '14:09:00', NULL, '51', 3, 7, 'et tempus semper est quam pharetra magna ac consequat metus sapien ut nunc vestibulum ante ipsum primis in faucibus orci luctus et ultrices posuere cubilia curae mauris viverra diam vitae', 152),
(24, '2021-09-29', '20:05:00', NULL, '25', 2, 5, 'lectus pellentesque eget nunc donec quis orci eget orci vehicula condimentum curabitur in libero ut massa volutpat convallis', 22),
(25, '2021-09-28', '20:35:00', NULL, '82', 2, 8, 'mauris laoreet ut rhoncus aliquet pulvinar sed nisl nunc rhoncus dui vel sem sed sagittis nam congue risus semper porta volutpat quam pede lobortis ligula sit amet eleifend pede libero', 105),
(26, '2021-09-23', '10:35:00', NULL, '60', 1, 6, NULL, 176),
(27, '2021-09-28', '10:58:00', NULL, '63', 1, 1, 'a odio in hac habitasse platea dictumst maecenas ut massa quis augue luctus tincidunt nulla mollis molestie lorem quisque ut erat curabitur gravida nisi at nibh in', 95),
(28, '2021-09-22', '19:11:00', NULL, '4', 1, 2, NULL, 3),
(29, '2021-10-01', '17:25:00', NULL, '67', 4, 4, 'turpis integer aliquet massa id lobortis convallis tortor risus dapibus augue vel accumsan tellus', 177),
(30, '2021-09-29', '12:19:00', NULL, '79', 1, 3, NULL, 14),
(31, '2021-09-22', '18:43:00', NULL, '67', 3, 4, NULL, 172),
(32, '2021-10-01', '13:15:00', NULL, '9', 1, 1, 'donec ut mauris eget massa tempor convallis nulla neque libero convallis eget eleifend luctus ultricies eu nibh quisque', 152),
(33, '2021-09-28', '19:17:00', NULL, '91', 1, 4, NULL, 123),
(34, '2021-09-27', '19:30:00', NULL, '42', 3, 2, NULL, 104),
(35, '2021-09-22', '16:10:00', NULL, '12', 4, 2, 'in faucibus orci luctus et ultrices posuere cubilia curae duis faucibus accumsan odio curabitur convallis duis consequat dui nec nisi volutpat eleifend donec ut dolor morbi vel lectus in', 6),
(36, '2021-09-23', '15:45:00', NULL, '1', 1, 9, NULL, 179),
(37, '2021-09-30', '17:17:00', NULL, '23', 4, 1, NULL, 129),
(38, '2021-09-27', '18:00:00', NULL, '52', 4, 4, NULL, 174),
(39, '2021-09-24', '19:08:00', NULL, '25', 4, 5, NULL, 89),
(40, '2021-09-26', '15:52:00', NULL, '27', 3, 7, 'cum sociis natoque penatibus et magnis dis parturient montes nascetur ridiculus mus vivamus vestibulum sagittis sapien cum sociis natoque penatibus et magnis dis parturient', 64),
(41, '2021-09-28', '13:35:00', NULL, '96', 3, 1, 'sapien quis libero nullam sit amet turpis elementum ligula vehicula consequat morbi a ipsum integer a nibh in quis justo', 80),
(42, '2021-09-28', '11:08:00', NULL, '16', 2, 4, NULL, 98),
(43, '2021-09-26', '12:02:00', NULL, '33', 4, 2, 'vestibulum ante ipsum primis in faucibus orci luctus et ultrices posuere cubilia curae nulla dapibus dolor vel est donec odio justo sollicitudin ut suscipit', 167),
(44, '2021-09-25', '10:37:00', NULL, '87', 2, 5, NULL, 22),
(45, '2021-09-22', '14:16:00', NULL, '53', 4, 8, NULL, 143),
(46, '2021-09-27', '17:43:00', NULL, '21', 2, 3, NULL, 151),
(47, '2021-09-29', '14:46:00', NULL, '11', 2, 4, 'cras pellentesque volutpat dui maecenas tristique est et tempus semper est quam pharetra magna', 95),
(48, '2021-09-28', '12:18:00', NULL, '4', 1, 5, NULL, 46),
(49, '2021-09-28', '20:14:00', NULL, '18', 2, 1, 'venenatis lacinia aenean sit amet justo morbi ut odio cras mi pede malesuada in imperdiet et commodo vulputate justo in', 155),
(50, '2021-09-24', '13:22:00', NULL, '12', 2, 3, NULL, 2),
(51, '2021-09-26', '17:01:00', NULL, '74', 2, 7, NULL, 64),
(52, '2021-10-01', '18:04:00', NULL, '11', 3, 3, NULL, 131),
(53, '2021-09-27', '14:30:00', NULL, '44', 3, 9, NULL, 52),
(54, '2021-09-26', '16:33:00', NULL, '98', 3, 9, NULL, 160),
(55, '2021-09-24', '16:27:00', NULL, '47', 3, 3, NULL, 97),
(56, '2021-09-23', '15:57:00', NULL, '18', 3, 7, NULL, 152),
(57, '2021-09-26', '13:44:00', NULL, '99', 2, 10, NULL, 142),
(58, '2021-09-23', '20:23:00', NULL, '27', 2, 7, NULL, 30),
(59, '2021-09-29', '11:23:00', NULL, '52', 2, 3, 'libero nullam sit amet turpis elementum ligula vehicula consequat morbi a ipsum integer a nibh in quis', 30),
(60, '2021-09-30', '20:09:00', NULL, '11', 3, 9, NULL, 185),
(61, '2021-09-28', '17:56:00', NULL, '60', 2, 8, NULL, 130),
(62, '2021-09-23', '15:18:00', NULL, '27', 1, 3, NULL, 165),
(63, '2021-10-01', '12:14:00', NULL, '70', 4, 3, NULL, 107),
(64, '2021-09-29', '18:56:00', NULL, '63', 2, 6, 'tortor quis turpis sed ante vivamus tortor duis mattis egestas metus aenean fermentum donec ut mauris eget massa tempor convallis nulla', 146),
(65, '2021-10-01', '19:29:00', NULL, '27', 4, 3, 'vestibulum ante ipsum primis in faucibus orci luctus et ultrices posuere cubilia curae duis faucibus accumsan odio curabitur convallis duis consequat dui nec', 142),
(66, '2021-09-25', '10:55:00', NULL, '51', 2, 4, NULL, 144),
(67, '2021-09-30', '10:22:00', NULL, '22', 4, 8, NULL, 66),
(68, '2021-09-23', '10:10:00', NULL, '49', 2, 9, 'placerat ante nulla justo aliquam quis turpis eget elit sodales scelerisque mauris sit amet eros suspendisse accumsan tortor', 177),
(69, '2021-09-25', '15:24:00', NULL, '27', 4, 9, 'dui luctus rutrum nulla tellus in sagittis dui vel nisl duis ac nibh fusce lacus purus aliquet', 30),
(70, '2021-09-24', '20:56:00', NULL, '66', 3, 5, NULL, 185),
(71, '2021-09-23', '16:41:00', NULL, '63', 2, 1, NULL, 54),
(72, '2021-09-26', '16:17:00', NULL, '16', 1, 5, NULL, 6),
(73, '2021-09-29', '13:41:00', NULL, '25', 2, 8, 'phasellus id sapien in sapien iaculis congue vivamus metus arcu adipiscing molestie hendrerit at vulputate', 55),
(74, '2021-09-30', '17:23:00', NULL, '21', 1, 7, 'faucibus cursus urna ut tellus nulla ut erat id mauris vulputate', 23),
(75, '2021-09-28', '20:49:00', NULL, '11', 2, 8, NULL, 166),
(76, '2021-09-30', '16:19:00', NULL, '31', 1, 1, NULL, 124),
(77, '2021-09-30', '19:12:00', NULL, '9', 1, 7, NULL, 167),
(78, '2021-09-22', '19:46:00', NULL, '97', 2, 7, 'neque sapien placerat ante nulla justo aliquam quis turpis eget elit sodales', 86),
(79, '2021-09-29', '15:09:00', NULL, '92', 4, 1, 'eget massa tempor convallis nulla neque libero convallis eget eleifend', 50),
(80, '2021-09-30', '12:14:00', NULL, '39', 4, 5, NULL, 7),
(81, '2021-09-22', '13:38:00', NULL, '15', 2, 10, NULL, 195),
(82, '2021-09-25', '20:08:00', NULL, '74', 1, 4, NULL, 185),
(83, '2021-09-23', '10:40:00', NULL, '28', 4, 3, 'morbi vel lectus in quam fringilla rhoncus mauris enim leo rhoncus', 119),
(84, '2021-09-29', '20:24:00', NULL, '93', 3, 6, NULL, 32),
(85, '2021-09-30', '12:30:00', NULL, '42', 2, 3, 'in purus eu magna vulputate luctus cum sociis natoque penatibus et magnis dis parturient montes nascetur ridiculus mus vivamus vestibulum sagittis', 5),
(86, '2021-09-23', '11:01:00', NULL, '83', 4, 3, 'neque aenean auctor gravida sem praesent id massa id nisl venenatis lacinia aenean sit amet justo morbi ut odio cras mi pede malesuada in imperdiet', 193),
(87, '2021-09-23', '17:30:00', NULL, '9', 2, 3, 'massa id lobortis convallis tortor risus dapibus augue vel accumsan tellus nisi eu orci mauris lacinia sapien quis libero nullam sit amet turpis elementum', 7),
(88, '2021-09-25', '12:50:00', NULL, '42', 3, 5, NULL, 48),
(89, '2021-09-27', '20:33:00', NULL, '25', 3, 6, 'in blandit ultrices enim lorem ipsum dolor sit amet consectetuer', 54),
(90, '2021-09-22', '19:58:00', NULL, '33', 3, 8, NULL, 32),
(91, '2021-09-23', '10:42:00', NULL, '78', 1, 5, NULL, 84),
(92, '2021-09-28', '10:10:00', NULL, '41', 3, 4, NULL, 83),
(93, '2021-09-28', '18:11:00', NULL, '21', 3, 7, NULL, 187),
(94, '2021-10-01', '11:00:00', NULL, '51', 4, 10, NULL, 156),
(95, '2021-09-27', '20:52:00', NULL, '19', 2, 2, 'ut tellus nulla ut erat id mauris vulputate elementum nullam varius nulla facilisi cras non velit nec nisi vulputate nonummy maecenas tincidunt', 94),
(96, '2021-09-25', '19:24:00', NULL, '93', 2, 2, 'auctor gravida sem praesent id massa id nisl venenatis lacinia aenean sit amet justo morbi ut odio cras mi pede malesuada in imperdiet et commodo vulputate justo in blandit', 33),
(97, '2021-09-23', '17:27:00', NULL, '48', 4, 2, 'porttitor lacus at turpis donec posuere metus vitae ipsum aliquam non mauris morbi non', 27),
(98, '2021-10-01', '20:14:00', NULL, '68', 2, 7, 'ipsum praesent blandit lacinia erat vestibulum sed magna at nunc commodo placerat praesent blandit nam nulla integer pede justo', 181),
(99, '2021-09-28', '13:24:00', NULL, '48', 4, 1, NULL, 143),
(100, '2021-09-27', '12:21:00', NULL, '49', 4, 4, NULL, 124),
(101, '2021-09-24', '18:32:00', NULL, '53', 1, 4, NULL, 181),
(102, '2021-09-30', '15:15:00', NULL, '75', 4, 10, NULL, 19),
(103, '2021-09-23', '19:31:00', NULL, '92', 4, 9, 'feugiat et eros vestibulum ac est lacinia nisi venenatis tristique fusce congue diam id', 57),
(104, '2021-09-23', '17:50:00', NULL, '70', 4, 3, 'nisl duis bibendum felis sed interdum venenatis turpis enim blandit mi in porttitor pede justo eu', 11),
(105, '2021-09-24', '12:49:00', NULL, '51', 1, 10, NULL, 15),
(106, '2021-09-28', '10:57:00', NULL, '47', 4, 4, 'bibendum imperdiet nullam orci pede venenatis non sodales sed tincidunt eu felis', 11),
(107, '2021-09-27', '10:51:00', NULL, '14', 2, 1, NULL, 192),
(108, '2021-09-29', '20:17:00', NULL, '75', 2, 4, NULL, 31),
(109, '2021-09-23', '15:51:00', NULL, '50', 3, 3, NULL, 75),
(110, '2021-09-30', '18:49:00', NULL, '50', 4, 8, 'aliquam non mauris morbi non lectus aliquam sit amet diam in magna bibendum imperdiet nullam orci pede venenatis', 147),
(111, '2021-09-23', '13:26:00', NULL, '83', 1, 3, NULL, 83),
(112, '2021-09-23', '20:39:00', NULL, '97', 1, 2, NULL, 143),
(113, '2021-09-30', '12:41:00', NULL, '96', 3, 10, NULL, 138),
(114, '2021-09-23', '14:02:00', NULL, '82', 2, 4, 'tincidunt eget tempus vel pede morbi porttitor lorem id ligula suspendisse ornare', 161),
(115, '2021-09-24', '18:38:00', NULL, '86', 2, 9, NULL, 166),
(116, '2021-09-28', '13:43:00', NULL, '2', 3, 1, 'proin leo odio porttitor id consequat in consequat ut nulla sed accumsan felis ut at dolor quis odio consequat varius integer ac leo', 162),
(117, '2021-09-26', '12:27:00', NULL, '89', 2, 4, NULL, 83),
(118, '2021-10-01', '13:32:00', NULL, '95', 1, 4, 'ultrices posuere cubilia curae nulla dapibus dolor vel est donec odio justo sollicitudin ut suscipit a feugiat et eros vestibulum ac est lacinia', 147),
(119, '2021-09-27', '17:11:00', NULL, '26', 2, 5, NULL, 186),
(120, '2021-09-27', '10:32:00', NULL, '10', 3, 7, 'convallis duis consequat dui nec nisi volutpat eleifend donec ut dolor morbi vel lectus in quam', 104),
(121, '2021-09-24', '11:43:00', NULL, '70', 4, 4, 'tempor convallis nulla neque libero convallis eget eleifend luctus ultricies eu nibh quisque id justo sit amet sapien dignissim vestibulum vestibulum ante', 133),
(122, '2021-09-24', '13:45:00', NULL, '93', 3, 1, NULL, 115),
(123, '2021-09-29', '16:41:00', NULL, '61', 1, 5, NULL, 182),
(124, '2021-09-27', '16:57:00', NULL, '19', 4, 4, NULL, 108),
(125, '2021-10-01', '13:18:00', NULL, '18', 3, 3, 'odio condimentum id luctus nec molestie sed justo pellentesque viverra pede ac diam cras pellentesque volutpat', 120),
(126, '2021-09-22', '10:14:00', NULL, '83', 2, 5, 'libero quis orci nullam molestie nibh in lectus pellentesque at nulla suspendisse', 105),
(127, '2021-09-24', '10:10:00', NULL, '23', 1, 6, NULL, 150),
(128, '2021-09-23', '11:49:00', NULL, '100', 3, 7, NULL, 68),
(129, '2021-09-25', '14:46:00', NULL, '63', 4, 10, NULL, 49),
(130, '2021-09-24', '10:32:00', NULL, '33', 4, 6, NULL, 1),
(131, '2021-09-26', '13:41:00', NULL, '39', 4, 1, NULL, 91),
(132, '2021-09-27', '10:56:00', NULL, '44', 1, 2, 'cras mi pede malesuada in imperdiet et commodo vulputate justo in blandit ultrices enim lorem ipsum dolor', 124),
(133, '2021-09-28', '19:16:00', NULL, '70', 1, 5, 'mus etiam vel augue vestibulum rutrum rutrum neque aenean auctor gravida sem praesent id massa id nisl', 98),
(134, '2021-09-26', '13:27:00', NULL, '42', 4, 6, NULL, 13),
(135, '2021-09-24', '10:50:00', NULL, '56', 2, 8, NULL, 162),
(136, '2021-09-24', '18:51:00', NULL, '100', 3, 2, NULL, 80),
(137, '2021-09-22', '12:25:00', NULL, '83', 1, 2, 'habitasse platea dictumst morbi vestibulum velit id pretium iaculis diam erat fermentum justo nec condimentum neque sapien placerat ante nulla justo aliquam quis turpis', 125),
(138, '2021-09-23', '19:44:00', NULL, '15', 3, 4, NULL, 77),
(139, '2021-09-22', '12:37:00', NULL, '39', 1, 6, NULL, 82),
(140, '2021-09-22', '18:22:00', NULL, '61', 1, 3, NULL, 66),
(141, '2021-09-28', '16:16:00', NULL, '43', 3, 1, 'lacinia sapien quis libero nullam sit amet turpis elementum ligula vehicula consequat morbi a ipsum integer a nibh', 160),
(142, '2021-09-27', '14:22:00', NULL, '6', 4, 5, NULL, 64),
(143, '2021-10-01', '14:55:00', NULL, '27', 1, 5, NULL, 170),
(144, '2021-09-26', '11:10:00', NULL, '7', 2, 1, 'aenean sit amet justo morbi ut odio cras mi pede malesuada in imperdiet et commodo vulputate justo in blandit ultrices enim lorem ipsum dolor sit amet consectetuer adipiscing', 168),
(145, '2021-09-29', '20:48:00', NULL, '13', 4, 8, 'orci eget orci vehicula condimentum curabitur in libero ut massa volutpat convallis morbi odio odio elementum eu interdum eu tincidunt in leo maecenas pulvinar lobortis est phasellus', 133),
(146, '2021-09-24', '20:31:00', NULL, '67', 2, 8, 'sapien dignissim vestibulum vestibulum ante ipsum primis in faucibus orci luctus et', 78),
(147, '2021-09-22', '12:27:00', NULL, '57', 3, 5, 'suscipit nulla elit ac nulla sed vel enim sit amet nunc viverra dapibus nulla suscipit ligula in lacus curabitur at ipsum', 69),
(148, '2021-10-01', '10:22:00', NULL, '30', 3, 9, NULL, 165),
(149, '2021-09-30', '11:43:00', NULL, '57', 4, 1, 'ipsum dolor sit amet consectetuer adipiscing elit proin interdum mauris non ligula pellentesque ultrices phasellus id sapien', 19),
(150, '2021-09-26', '16:47:00', NULL, '95', 1, 7, NULL, 182),
(151, '2021-09-30', '19:35:00', NULL, '52', 3, 7, NULL, 92),
(152, '2021-09-24', '13:54:00', NULL, '44', 4, 3, NULL, 153),
(153, '2021-09-27', '11:24:00', NULL, '14', 1, 7, 'massa tempor convallis nulla neque libero convallis eget eleifend luctus ultricies eu', 128),
(154, '2021-09-26', '19:36:00', NULL, '68', 2, 4, NULL, 8),
(155, '2021-09-29', '10:38:00', NULL, '61', 4, 7, NULL, 13),
(156, '2021-09-29', '11:56:00', NULL, '17', 4, 7, NULL, 121),
(157, '2021-09-29', '16:26:00', NULL, '80', 3, 10, NULL, 132),
(158, '2021-09-22', '20:08:00', NULL, '61', 2, 1, 'dui nec nisi volutpat eleifend donec ut dolor morbi vel lectus in', 56),
(159, '2021-09-24', '11:25:00', NULL, '43', 4, 1, NULL, 190),
(160, '2021-09-24', '11:01:00', NULL, '19', 2, 2, NULL, 177),
(161, '2021-10-01', '11:04:00', NULL, '91', 2, 8, 'mauris enim leo rhoncus sed vestibulum sit amet cursus id turpis integer aliquet massa', 121),
(162, '2021-09-23', '19:32:00', NULL, '7', 4, 3, 'felis fusce posuere felis sed lacus morbi sem mauris laoreet ut rhoncus aliquet pulvinar sed nisl nunc rhoncus', 20),
(163, '2021-09-29', '14:46:00', NULL, '72', 1, 2, NULL, 106),
(164, '2021-09-25', '11:27:00', NULL, '6', 2, 10, NULL, 5),
(165, '2021-09-27', '20:13:00', NULL, '18', 4, 10, 'ut tellus nulla ut erat id mauris vulputate elementum nullam varius nulla facilisi cras non velit nec nisi vulputate', 55),
(166, '2021-10-01', '16:09:00', NULL, '10', 2, 10, NULL, 84),
(167, '2021-10-01', '14:09:00', NULL, '47', 3, 9, 'eu nibh quisque id justo sit amet sapien dignissim vestibulum vestibulum ante ipsum primis in faucibus orci luctus et ultrices', 142),
(168, '2021-09-24', '15:48:00', NULL, '81', 1, 4, 'volutpat convallis morbi odio odio elementum eu interdum eu tincidunt in leo maecenas pulvinar lobortis est phasellus sit amet erat nulla tempus vivamus', 195),
(169, '2021-10-01', '13:23:00', NULL, '3', 3, 6, 'nibh in hac habitasse platea dictumst aliquam augue quam sollicitudin vitae consectetuer eget rutrum at lorem integer tincidunt ante vel ipsum praesent blandit lacinia', 115),
(170, '2021-09-24', '13:11:00', NULL, '7', 2, 6, NULL, 175),
(171, '2021-10-01', '11:07:00', NULL, '8', 3, 6, NULL, 76),
(172, '2021-09-26', '16:39:00', NULL, '98', 4, 9, 'id pretium iaculis diam erat fermentum justo nec condimentum neque sapien placerat ante nulla justo aliquam quis turpis', 176),
(173, '2021-09-23', '14:19:00', NULL, '72', 3, 3, 'mattis odio donec vitae nisi nam ultrices libero non mattis pulvinar nulla pede ullamcorper augue a suscipit nulla elit ac', 182),
(174, '2021-09-28', '18:53:00', NULL, '46', 3, 6, 'cubilia curae nulla dapibus dolor vel est donec odio justo sollicitudin ut suscipit a feugiat et eros vestibulum ac', 6),
(175, '2021-09-23', '11:33:00', NULL, '75', 2, 9, NULL, 149),
(176, '2021-09-29', '16:25:00', NULL, '26', 4, 10, NULL, 82),
(177, '2021-09-30', '13:30:00', NULL, '81', 1, 2, 'et ultrices posuere cubilia curae donec pharetra magna vestibulum aliquet ultrices erat tortor sollicitudin mi sit amet lobortis sapien sapien non mi integer ac neque duis bibendum morbi non', 65),
(178, '2021-09-30', '13:34:00', NULL, '12', 3, 6, 'platea dictumst etiam faucibus cursus urna ut tellus nulla ut erat id mauris vulputate elementum', 91),
(179, '2021-09-30', '19:54:00', NULL, '66', 1, 8, NULL, 183),
(180, '2021-09-24', '14:40:00', NULL, '28', 4, 8, 'tortor risus dapibus augue vel accumsan tellus nisi eu orci mauris lacinia sapien quis libero', 170),
(181, '2021-09-26', '16:39:00', NULL, '45', 4, 10, NULL, 31),
(182, '2021-09-22', '12:36:00', NULL, '79', 1, 1, 'aliquam quis turpis eget elit sodales scelerisque mauris sit amet eros suspendisse accumsan tortor quis', 136),
(183, '2021-09-30', '12:31:00', NULL, '100', 3, 6, 'interdum eu tincidunt in leo maecenas pulvinar lobortis est phasellus sit amet erat nulla tempus vivamus', 49),
(184, '2021-09-24', '11:12:00', NULL, '57', 4, 5, NULL, 57),
(185, '2021-09-29', '20:07:00', NULL, '26', 1, 2, NULL, 142),
(186, '2021-09-23', '13:40:00', NULL, '99', 1, 2, NULL, 21),
(187, '2021-09-27', '16:57:00', NULL, '72', 3, 5, 'risus auctor sed tristique in tempus sit amet sem fusce consequat nulla nisl nunc nisl duis', 58),
(188, '2021-09-27', '16:12:00', NULL, '43', 2, 4, 'lacus at turpis donec posuere metus vitae ipsum aliquam non mauris morbi non lectus aliquam sit amet diam in magna', 62),
(189, '2021-09-22', '10:32:00', NULL, '31', 1, 4, NULL, 133),
(190, '2021-10-01', '12:29:00', NULL, '8', 4, 2, NULL, 151),
(191, '2021-09-29', '17:09:00', NULL, '17', 4, 4, 'tortor quis turpis sed ante vivamus tortor duis mattis egestas metus aenean fermentum donec ut mauris eget massa tempor convallis nulla neque libero', 137),
(192, '2021-09-24', '18:26:00', NULL, '32', 2, 2, NULL, 105),
(193, '2021-09-24', '20:12:00', NULL, '27', 2, 7, NULL, 136),
(194, '2021-09-26', '15:55:00', NULL, '64', 1, 5, 'id luctus nec molestie sed justo pellentesque viverra pede ac diam cras pellentesque volutpat dui maecenas tristique est et', 19),
(195, '2021-09-25', '17:39:00', NULL, '45', 1, 9, 'massa quis augue luctus tincidunt nulla mollis molestie lorem quisque ut', 174),
(196, '2021-09-29', '13:33:00', NULL, '74', 2, 1, NULL, 71),
(197, '2021-09-26', '16:41:00', NULL, '1', 4, 1, 'et ultrices posuere cubilia curae mauris viverra diam vitae quam suspendisse potenti nullam porttitor lacus at turpis donec posuere metus vitae ipsum aliquam', 97),
(198, '2021-09-22', '15:20:00', NULL, '43', 1, 8, NULL, 29),
(199, '2021-10-01', '17:45:00', NULL, '71', 4, 9, NULL, 53),
(200, '2021-09-25', '13:52:00', NULL, '100', 1, 1, NULL, 134),
(201, '2021-09-23', '13:25:00', NULL, '51', 2, 6, 'leo odio porttitor id consequat in consequat ut nulla sed accumsan felis ut at dolor quis odio consequat varius integer ac leo pellentesque', 187),
(202, '2021-09-30', '14:56:00', NULL, '59', 4, 6, NULL, 174),
(203, '2021-09-29', '18:42:00', NULL, '63', 3, 2, 'primis in faucibus orci luctus et ultrices posuere cubilia curae duis faucibus accumsan odio curabitur', 46),
(204, '2021-09-26', '11:36:00', NULL, '80', 4, 10, 'quis orci nullam molestie nibh in lectus pellentesque at nulla', 177),
(205, '2021-09-24', '15:19:00', NULL, '52', 2, 9, 'leo maecenas pulvinar lobortis est phasellus sit amet erat nulla tempus', 60),
(206, '2021-09-30', '10:51:00', NULL, '10', 2, 7, NULL, 35),
(207, '2021-09-26', '14:05:00', NULL, '10', 4, 7, 'pellentesque ultrices mattis odio donec vitae nisi nam ultrices libero non mattis pulvinar nulla pede ullamcorper augue a suscipit nulla elit ac nulla sed vel enim sit amet nunc', 154),
(208, '2021-09-23', '17:16:00', NULL, '100', 4, 7, NULL, 33),
(209, '2021-09-27', '19:57:00', NULL, '2', 1, 3, 'interdum in ante vestibulum ante ipsum primis in faucibus orci luctus et ultrices posuere cubilia curae duis faucibus accumsan odio curabitur convallis', 84),
(210, '2021-09-26', '20:49:00', NULL, '56', 1, 8, 'ac tellus semper interdum mauris ullamcorper purus sit amet nulla quisque arcu libero rutrum ac lobortis vel dapibus at', 95),
(211, '2021-09-25', '14:04:00', NULL, '67', 3, 5, NULL, 5),
(212, '2021-09-27', '18:20:00', NULL, '21', 3, 1, 'pellentesque volutpat dui maecenas tristique est et tempus semper est quam pharetra', 112),
(213, '2021-09-23', '15:19:00', NULL, '34', 3, 6, NULL, 54),
(214, '2021-10-01', '17:58:00', NULL, '87', 3, 7, 'magna vulputate luctus cum sociis natoque penatibus et magnis dis parturient montes nascetur ridiculus mus vivamus vestibulum sagittis sapien cum sociis natoque penatibus et magnis', 175),
(215, '2021-09-25', '10:30:00', NULL, '42', 2, 3, 'sapien quis libero nullam sit amet turpis elementum ligula vehicula consequat morbi a', 20),
(216, '2021-09-25', '17:28:00', NULL, '97', 4, 9, NULL, 85),
(217, '2021-09-27', '20:06:00', NULL, '62', 2, 2, NULL, 41),
(218, '2021-09-26', '13:33:00', NULL, '14', 4, 1, NULL, 57),
(219, '2021-09-22', '13:37:00', NULL, '52', 4, 4, NULL, 148),
(220, '2021-09-30', '17:51:00', NULL, '34', 2, 10, NULL, 76),
(221, '2021-09-26', '16:00:00', NULL, '96', 1, 6, NULL, 87),
(222, '2021-09-30', '16:51:00', NULL, '73', 2, 3, NULL, 42),
(223, '2021-10-01', '15:33:00', NULL, '84', 4, 4, 'purus eu magna vulputate luctus cum sociis natoque penatibus et magnis dis', 195),
(224, '2021-09-29', '14:04:00', NULL, '19', 4, 5, NULL, 95),
(225, '2021-09-28', '10:46:00', NULL, '40', 3, 10, 'in magna bibendum imperdiet nullam orci pede venenatis non sodales sed tincidunt eu felis fusce posuere felis sed lacus morbi sem', 133),
(226, '2021-09-28', '13:49:00', NULL, '54', 3, 7, NULL, 36),
(227, '2021-09-30', '18:03:00', NULL, '14', 4, 6, NULL, 161),
(228, '2021-09-30', '14:01:00', NULL, '15', 4, 3, NULL, 45),
(229, '2021-09-30', '10:27:00', NULL, '30', 3, 8, NULL, 22),
(230, '2021-09-22', '19:31:00', NULL, '62', 4, 7, NULL, 197),
(231, '2021-09-25', '17:47:00', NULL, '73', 2, 10, 'sit amet sem fusce consequat nulla nisl nunc nisl duis bibendum felis sed interdum venenatis turpis enim blandit mi in porttitor pede justo eu massa donec dapibus', 93),
(232, '2021-09-29', '20:37:00', NULL, '64', 3, 9, NULL, 144),
(233, '2021-10-01', '11:11:00', NULL, '54', 3, 7, NULL, 39),
(234, '2021-10-01', '19:50:00', NULL, '80', 3, 6, NULL, 129),
(235, '2021-09-23', '12:13:00', NULL, '43', 1, 10, 'mauris sit amet eros suspendisse accumsan tortor quis turpis sed ante vivamus tortor duis mattis egestas metus aenean fermentum donec', 176),
(236, '2021-10-01', '16:31:00', NULL, '35', 1, 1, 'tempus sit amet sem fusce consequat nulla nisl nunc nisl duis bibendum felis', 95),
(237, '2021-09-27', '14:37:00', NULL, '93', 2, 9, 'suscipit ligula in lacus curabitur at ipsum ac tellus semper interdum mauris ullamcorper purus sit amet nulla quisque arcu libero rutrum ac lobortis vel dapibus at diam nam', 6),
(238, '2021-09-25', '17:48:00', NULL, '13', 1, 8, NULL, 135),
(239, '2021-09-29', '12:56:00', NULL, '87', 4, 6, 'sit amet consectetuer adipiscing elit proin risus praesent lectus vestibulum quam sapien varius ut blandit', 177),
(240, '2021-09-24', '19:35:00', NULL, '8', 4, 5, NULL, 148),
(241, '2021-09-23', '18:41:00', NULL, '36', 1, 2, NULL, 103),
(242, '2021-09-22', '18:24:00', NULL, '71', 2, 3, 'porttitor id consequat in consequat ut nulla sed accumsan felis ut at dolor quis odio', 67),
(243, '2021-09-23', '19:58:00', NULL, '60', 3, 8, NULL, 46),
(244, '2021-09-22', '18:22:00', NULL, '74', 4, 9, 'in tempus sit amet sem fusce consequat nulla nisl nunc nisl duis bibendum felis sed interdum venenatis turpis enim blandit mi in porttitor', 128),
(245, '2021-09-23', '15:38:00', NULL, '39', 2, 8, NULL, 134),
(246, '2021-09-25', '16:04:00', NULL, '49', 2, 8, NULL, 13),
(247, '2021-09-30', '10:13:00', NULL, '58', 3, 3, NULL, 148),
(248, '2021-09-29', '11:42:00', NULL, '66', 2, 9, 'varius nulla facilisi cras non velit nec nisi vulputate nonummy maecenas tincidunt lacus at velit vivamus vel nulla', 116),
(249, '2021-09-27', '10:22:00', NULL, '24', 1, 6, NULL, 79),
(250, '2021-10-01', '11:23:00', NULL, '45', 1, 10, 'curabitur gravida nisi at nibh in hac habitasse platea dictumst aliquam', 1),
(251, '2021-09-25', '15:14:00', NULL, '53', 3, 1, NULL, 47),
(252, '2021-09-30', '10:28:00', NULL, '13', 1, 3, 'luctus rutrum nulla tellus in sagittis dui vel nisl duis ac nibh fusce lacus purus aliquet at feugiat non pretium quis lectus suspendisse potenti in eleifend quam a odio in', 45),
(253, '2021-09-23', '15:10:00', NULL, '21', 4, 7, NULL, 157),
(254, '2021-09-27', '14:27:00', NULL, '53', 3, 9, NULL, 7),
(255, '2021-09-28', '11:22:00', NULL, '84', 1, 2, NULL, 106),
(256, '2021-09-22', '19:22:00', NULL, '91', 3, 7, NULL, 190),
(257, '2021-09-27', '17:07:00', NULL, '13', 2, 3, NULL, 45),
(258, '2021-10-01', '14:28:00', NULL, '93', 4, 5, NULL, 187),
(259, '2021-09-25', '12:02:00', NULL, '23', 1, 6, NULL, 95),
(260, '2021-09-26', '15:08:00', NULL, '5', 1, 9, 'ut massa quis augue luctus tincidunt nulla mollis molestie lorem quisque', 171),
(261, '2021-09-25', '20:22:00', NULL, '18', 3, 7, 'dapibus duis at velit eu est congue elementum in hac habitasse platea dictumst morbi', 89),
(262, '2021-09-24', '10:35:00', NULL, '26', 4, 8, NULL, 65),
(263, '2021-09-23', '19:59:00', NULL, '4', 1, 7, NULL, 29),
(264, '2021-10-01', '20:16:00', NULL, '69', 2, 7, 'eget rutrum at lorem integer tincidunt ante vel ipsum praesent blandit lacinia erat vestibulum sed magna at nunc commodo placerat praesent blandit nam nulla integer pede justo', 163),
(265, '2021-10-01', '12:17:00', NULL, '40', 2, 2, NULL, 175),
(266, '2021-09-30', '19:19:00', NULL, '9', 2, 6, NULL, 200),
(267, '2021-09-22', '16:00:00', NULL, '63', 3, 8, NULL, 122),
(268, '2021-09-22', '13:15:00', NULL, '61', 4, 8, 'id massa id nisl venenatis lacinia aenean sit amet justo morbi ut odio cras mi pede malesuada in imperdiet', 56),
(269, '2021-09-26', '11:53:00', NULL, '46', 3, 5, NULL, 180),
(270, '2021-09-24', '10:12:00', NULL, '84', 2, 4, 'nulla ut erat id mauris vulputate elementum nullam varius nulla facilisi cras non velit nec nisi vulputate nonummy maecenas tincidunt lacus at velit vivamus vel nulla eget eros elementum', 148),
(271, '2021-09-24', '10:07:00', NULL, '44', 3, 6, NULL, 76),
(272, '2021-09-28', '13:29:00', NULL, '66', 3, 10, NULL, 182),
(273, '2021-09-24', '14:21:00', NULL, '95', 3, 3, 'magna at nunc commodo placerat praesent blandit nam nulla integer pede justo', 125),
(274, '2021-09-23', '20:59:00', NULL, '21', 2, 5, NULL, 167),
(275, '2021-09-25', '19:18:00', NULL, '46', 2, 10, 'convallis morbi odio odio elementum eu interdum eu tincidunt in leo maecenas pulvinar lobortis est phasellus sit amet erat', 64),
(276, '2021-09-26', '20:43:00', NULL, '92', 3, 2, NULL, 98),
(277, '2021-09-24', '17:11:00', NULL, '83', 2, 10, NULL, 87),
(278, '2021-09-25', '11:26:00', NULL, '82', 1, 6, 'risus dapibus augue vel accumsan tellus nisi eu orci mauris lacinia sapien quis libero nullam sit amet', 10),
(279, '2021-09-30', '19:13:00', NULL, '4', 2, 6, NULL, 92),
(280, '2021-09-26', '16:36:00', NULL, '13', 4, 1, NULL, 187),
(281, '2021-09-30', '19:56:00', NULL, '57', 1, 8, NULL, 48),
(282, '2021-09-22', '15:40:00', NULL, '93', 3, 10, NULL, 195),
(283, '2021-09-27', '18:02:00', NULL, '66', 4, 9, NULL, 173),
(284, '2021-09-26', '12:15:00', NULL, '64', 3, 9, NULL, 17),
(285, '2021-09-27', '14:26:00', NULL, '21', 2, 6, NULL, 37),
(286, '2021-09-23', '13:49:00', NULL, '78', 4, 4, 'nulla neque libero convallis eget eleifend luctus ultricies eu nibh quisque id justo sit amet sapien dignissim vestibulum vestibulum ante ipsum primis in faucibus orci luctus et', 51),
(287, '2021-09-30', '19:51:00', NULL, '46', 1, 2, NULL, 42),
(288, '2021-09-28', '11:38:00', NULL, '2', 3, 9, 'purus phasellus in felis donec semper sapien a libero nam dui proin leo odio porttitor', 52),
(289, '2021-09-29', '13:45:00', NULL, '40', 4, 3, NULL, 132),
(290, '2021-09-27', '15:07:00', NULL, '81', 1, 2, 'semper sapien a libero nam dui proin leo odio porttitor id consequat in consequat ut nulla sed accumsan felis ut', 23),
(291, '2021-09-23', '20:32:00', NULL, '80', 1, 6, 'vel enim sit amet nunc viverra dapibus nulla suscipit ligula in lacus curabitur at ipsum ac tellus semper interdum mauris', 143),
(292, '2021-10-01', '16:36:00', NULL, '69', 1, 9, NULL, 148),
(293, '2021-09-28', '15:05:00', NULL, '73', 3, 7, 'donec semper sapien a libero nam dui proin leo odio porttitor id consequat in consequat ut nulla sed accumsan felis ut at dolor quis odio consequat varius integer ac leo', 35),
(294, '2021-09-27', '17:44:00', NULL, '40', 1, 7, 'enim blandit mi in porttitor pede justo eu massa donec dapibus duis at velit eu est congue elementum in hac habitasse platea dictumst', 140),
(295, '2021-09-22', '15:20:00', NULL, '81', 3, 9, NULL, 3),
(296, '2021-09-24', '19:18:00', NULL, '68', 1, 2, NULL, 3),
(297, '2021-09-29', '19:19:00', NULL, '30', 3, 1, NULL, 192),
(298, '2021-10-01', '20:41:00', NULL, '20', 4, 9, NULL, 52),
(299, '2021-09-30', '10:20:00', NULL, '98', 2, 9, NULL, 29),
(300, '2021-09-29', '10:36:00', NULL, '34', 2, 2, NULL, 187),
(301, '2021-09-27', '10:32:00', NULL, '40', 3, 3, 'in lectus pellentesque at nulla suspendisse potenti cras in purus eu magna vulputate luctus cum sociis natoque penatibus et magnis dis parturient montes nascetur ridiculus mus vivamus', 183),
(302, '2021-09-26', '14:49:00', NULL, '72', 1, 7, NULL, 190),
(303, '2021-09-27', '18:39:00', NULL, '28', 1, 5, 'volutpat in congue etiam justo etiam pretium iaculis justo in hac habitasse platea', 61),
(304, '2021-09-28', '15:01:00', NULL, '6', 2, 6, 'vestibulum ante ipsum primis in faucibus orci luctus et ultrices posuere cubilia curae donec pharetra magna vestibulum aliquet ultrices erat tortor sollicitudin mi sit amet lobortis sapien', 2),
(305, '2021-09-26', '15:28:00', NULL, '14', 2, 2, 'cum sociis natoque penatibus et magnis dis parturient montes nascetur ridiculus mus etiam vel augue', 129),
(306, '2021-09-30', '16:12:00', NULL, '8', 4, 2, NULL, 69),
(307, '2021-09-27', '12:11:00', NULL, '68', 4, 7, 'vestibulum rutrum rutrum neque aenean auctor gravida sem praesent id massa id nisl venenatis lacinia aenean sit amet justo morbi ut odio cras mi pede malesuada in imperdiet et', 131),
(308, '2021-10-01', '14:40:00', NULL, '15', 4, 7, 'non velit nec nisi vulputate nonummy maecenas tincidunt lacus at', 163),
(309, '2021-10-01', '12:21:00', NULL, '69', 4, 6, NULL, 107),
(310, '2021-09-25', '18:36:00', NULL, '79', 3, 5, NULL, 143),
(311, '2021-09-23', '17:51:00', NULL, '69', 1, 9, NULL, 168),
(312, '2021-09-23', '16:29:00', NULL, '74', 3, 8, 'ac consequat metus sapien ut nunc vestibulum ante ipsum primis in faucibus orci luctus et ultrices posuere cubilia curae mauris', 152),
(313, '2021-09-29', '13:21:00', NULL, '19', 4, 4, 'et ultrices posuere cubilia curae nulla dapibus dolor vel est donec odio justo', 186),
(314, '2021-09-27', '19:05:00', NULL, '82', 2, 8, NULL, 156),
(315, '2021-09-27', '13:13:00', NULL, '91', 2, 5, 'molestie nibh in lectus pellentesque at nulla suspendisse potenti cras in purus eu magna vulputate luctus', 187),
(316, '2021-09-22', '19:28:00', NULL, '34', 3, 3, NULL, 187),
(317, '2021-09-23', '20:07:00', NULL, '18', 2, 7, NULL, 74),
(318, '2021-09-29', '18:32:00', NULL, '24', 3, 8, NULL, 165),
(319, '2021-09-23', '11:01:00', NULL, '48', 2, 4, NULL, 56),
(320, '2021-09-29', '14:04:00', NULL, '11', 3, 4, NULL, 83),
(321, '2021-09-27', '17:07:00', NULL, '20', 1, 10, NULL, 139),
(322, '2021-09-28', '11:01:00', NULL, '84', 1, 4, 'morbi non quam nec dui luctus rutrum nulla tellus in sagittis dui vel nisl', 171),
(323, '2021-09-24', '12:36:00', NULL, '81', 2, 4, 'eros suspendisse accumsan tortor quis turpis sed ante vivamus tortor duis mattis egestas metus aenean fermentum donec ut mauris eget massa tempor', 153),
(324, '2021-09-26', '16:02:00', NULL, '63', 2, 5, 'hac habitasse platea dictumst maecenas ut massa quis augue luctus tincidunt nulla mollis molestie lorem quisque ut', 93),
(325, '2021-09-26', '10:36:00', NULL, '63', 2, 9, NULL, 16),
(326, '2021-09-29', '14:04:00', NULL, '60', 4, 8, 'nisl duis ac nibh fusce lacus purus aliquet at feugiat non pretium quis lectus suspendisse potenti in eleifend quam a odio in hac habitasse platea dictumst maecenas', 126),
(327, '2021-09-28', '14:35:00', NULL, '2', 3, 5, NULL, 94),
(328, '2021-09-28', '19:39:00', NULL, '71', 3, 2, 'ut suscipit a feugiat et eros vestibulum ac est lacinia nisi venenatis tristique fusce congue diam id ornare imperdiet sapien urna', 154),
(329, '2021-09-27', '10:15:00', NULL, '10', 4, 9, NULL, 23),
(330, '2021-09-22', '16:41:00', NULL, '69', 4, 6, NULL, 55),
(331, '2021-09-29', '12:34:00', NULL, '82', 2, 1, NULL, 127),
(332, '2021-09-27', '16:26:00', NULL, '19', 3, 7, NULL, 71),
(333, '2021-09-28', '11:15:00', NULL, '62', 1, 8, NULL, 154),
(334, '2021-10-01', '14:24:00', NULL, '39', 3, 3, NULL, 51),
(335, '2021-09-27', '18:37:00', NULL, '51', 2, 7, NULL, 55),
(336, '2021-09-26', '15:07:00', NULL, '92', 4, 5, NULL, 169),
(337, '2021-10-01', '10:29:00', NULL, '56', 1, 2, NULL, 129),
(338, '2021-09-27', '17:41:00', NULL, '98', 3, 2, 'aliquet massa id lobortis convallis tortor risus dapibus augue vel accumsan tellus nisi eu', 10),
(339, '2021-09-29', '11:47:00', NULL, '30', 1, 10, NULL, 199),
(340, '2021-09-28', '16:35:00', NULL, '8', 1, 5, NULL, 72),
(341, '2021-10-01', '16:09:00', NULL, '67', 1, 4, NULL, 165),
(342, '2021-09-29', '14:31:00', NULL, '80', 4, 8, NULL, 17),
(343, '2021-09-25', '10:48:00', NULL, '22', 1, 3, NULL, 145),
(344, '2021-10-01', '15:53:00', NULL, '19', 2, 6, 'odio consequat varius integer ac leo pellentesque ultrices mattis odio donec vitae nisi', 200),
(345, '2021-09-23', '16:57:00', NULL, '83', 1, 3, 'curae duis faucibus accumsan odio curabitur convallis duis consequat dui nec nisi volutpat eleifend donec ut', 108),
(346, '2021-09-23', '17:28:00', NULL, '37', 1, 2, NULL, 72),
(347, '2021-09-23', '15:24:00', NULL, '62', 4, 10, NULL, 153),
(348, '2021-09-26', '17:03:00', NULL, '57', 4, 4, NULL, 74),
(349, '2021-09-29', '16:50:00', NULL, '50', 4, 7, NULL, 11),
(350, '2021-09-23', '14:22:00', NULL, '94', 4, 8, 'nibh fusce lacus purus aliquet at feugiat non pretium quis lectus suspendisse potenti in eleifend quam a odio in hac habitasse platea dictumst', 98),
(351, '2021-09-22', '10:51:00', NULL, '74', 4, 8, 'donec pharetra magna vestibulum aliquet ultrices erat tortor sollicitudin mi sit amet lobortis sapien sapien', 19),
(352, '2021-09-30', '12:18:00', NULL, '12', 4, 5, 'libero quis orci nullam molestie nibh in lectus pellentesque at nulla suspendisse potenti cras in purus eu magna vulputate', 102),
(353, '2021-09-27', '11:17:00', NULL, '8', 2, 10, NULL, 112),
(354, '2021-09-27', '11:08:00', NULL, '81', 2, 8, 'enim sit amet nunc viverra dapibus nulla suscipit ligula in lacus', 71),
(355, '2021-10-01', '20:11:00', NULL, '32', 4, 4, NULL, 197),
(356, '2021-09-23', '12:10:00', NULL, '50', 3, 3, 'in quam fringilla rhoncus mauris enim leo rhoncus sed vestibulum sit amet cursus id turpis integer aliquet massa id lobortis convallis tortor risus dapibus', 85),
(357, '2021-09-29', '14:35:00', NULL, '40', 3, 6, 'gravida nisi at nibh in hac habitasse platea dictumst aliquam augue quam sollicitudin', 117),
(358, '2021-09-22', '11:18:00', NULL, '46', 4, 2, NULL, 38),
(359, '2021-09-24', '12:12:00', NULL, '3', 1, 7, 'sed magna at nunc commodo placerat praesent blandit nam nulla integer pede justo lacinia eget tincidunt', 109),
(360, '2021-09-28', '14:41:00', NULL, '84', 1, 3, 'morbi ut odio cras mi pede malesuada in imperdiet et commodo vulputate justo in blandit ultrices enim lorem', 113),
(361, '2021-09-27', '15:52:00', NULL, '62', 2, 6, 'nisl ut volutpat sapien arcu sed augue aliquam erat volutpat in congue etiam justo etiam pretium iaculis justo in hac habitasse platea dictumst etiam faucibus cursus urna', 187),
(362, '2021-09-28', '10:35:00', NULL, '79', 1, 9, NULL, 151),
(363, '2021-10-01', '15:54:00', NULL, '51', 4, 7, NULL, 53),
(364, '2021-09-25', '20:19:00', NULL, '62', 1, 2, 'magna ac consequat metus sapien ut nunc vestibulum ante ipsum primis in faucibus orci luctus et ultrices posuere cubilia curae mauris viverra', 32),
(365, '2021-09-30', '13:09:00', NULL, '40', 1, 7, NULL, 90),
(366, '2021-09-26', '19:49:00', NULL, '91', 2, 8, NULL, 20),
(367, '2021-09-30', '16:40:00', NULL, '39', 4, 7, 'tempor convallis nulla neque libero convallis eget eleifend luctus ultricies eu nibh quisque id justo sit amet sapien', 132),
(368, '2021-09-30', '15:24:00', NULL, '34', 4, 9, NULL, 62),
(369, '2021-09-29', '13:34:00', NULL, '36', 3, 1, 'vel est donec odio justo sollicitudin ut suscipit a feugiat et eros vestibulum ac est', 37),
(370, '2021-09-28', '18:29:00', NULL, '32', 1, 9, NULL, 79),
(371, '2021-09-22', '20:58:00', NULL, '13', 2, 1, NULL, 173),
(372, '2021-09-23', '16:30:00', NULL, '7', 2, 3, 'imperdiet sapien urna pretium nisl ut volutpat sapien arcu sed augue aliquam erat volutpat', 27),
(373, '2021-09-24', '15:05:00', NULL, '3', 4, 4, NULL, 183),
(374, '2021-09-27', '12:42:00', NULL, '60', 2, 2, 'ante ipsum primis in faucibus orci luctus et ultrices posuere cubilia curae donec pharetra magna vestibulum aliquet ultrices', 156),
(375, '2021-09-22', '11:11:00', NULL, '23', 1, 9, NULL, 64),
(376, '2021-09-29', '20:14:00', NULL, '47', 4, 6, NULL, 1),
(377, '2021-09-27', '14:25:00', NULL, '68', 2, 3, 'vulputate luctus cum sociis natoque penatibus et magnis dis parturient montes nascetur ridiculus mus vivamus vestibulum sagittis sapien cum sociis natoque penatibus et magnis dis', 199),
(378, '2021-09-30', '18:06:00', NULL, '81', 2, 2, NULL, 144),
(379, '2021-09-25', '12:37:00', NULL, '40', 2, 5, NULL, 91),
(380, '2021-09-29', '15:47:00', NULL, '97', 1, 7, 'ultricies eu nibh quisque id justo sit amet sapien dignissim vestibulum vestibulum ante ipsum primis in faucibus orci luctus et ultrices posuere cubilia curae nulla dapibus dolor vel est', 105),
(381, '2021-09-22', '12:11:00', NULL, '90', 1, 6, NULL, 66),
(382, '2021-09-23', '11:48:00', NULL, '58', 1, 8, 'cubilia curae donec pharetra magna vestibulum aliquet ultrices erat tortor sollicitudin mi sit amet lobortis sapien sapien non mi integer ac neque', 130),
(383, '2021-09-22', '10:07:00', NULL, '34', 1, 3, NULL, 99),
(384, '2021-10-01', '18:07:00', NULL, '54', 4, 4, 'nisl aenean lectus pellentesque eget nunc donec quis orci eget orci vehicula condimentum curabitur in libero ut massa volutpat convallis', 163),
(385, '2021-09-29', '17:46:00', NULL, '57', 1, 1, NULL, 36),
(386, '2021-09-24', '11:48:00', NULL, '22', 1, 7, NULL, 155),
(387, '2021-10-01', '13:58:00', NULL, '70', 1, 5, NULL, 78),
(388, '2021-09-24', '15:50:00', NULL, '1', 1, 7, 'ante ipsum primis in faucibus orci luctus et ultrices posuere cubilia curae', 173),
(389, '2021-09-30', '16:54:00', NULL, '40', 2, 8, NULL, 188),
(390, '2021-09-26', '13:56:00', NULL, '51', 2, 7, 'ipsum integer a nibh in quis justo maecenas rhoncus aliquam lacus morbi quis tortor id nulla ultrices aliquet maecenas leo odio condimentum id luctus nec', 116),
(391, '2021-09-29', '17:29:00', NULL, '27', 3, 5, NULL, 92),
(392, '2021-09-24', '18:11:00', NULL, '53', 1, 9, 'in leo maecenas pulvinar lobortis est phasellus sit amet erat nulla tempus vivamus in', 100),
(393, '2021-09-26', '11:33:00', NULL, '23', 2, 4, NULL, 129),
(394, '2021-09-30', '10:07:00', NULL, '16', 4, 6, 'neque sapien placerat ante nulla justo aliquam quis turpis eget elit sodales scelerisque mauris sit amet eros suspendisse accumsan tortor quis turpis sed ante vivamus tortor duis mattis egestas metus', 4),
(395, '2021-09-25', '14:19:00', NULL, '76', 2, 8, NULL, 39),
(396, '2021-09-22', '13:35:00', NULL, '18', 1, 4, 'enim lorem ipsum dolor sit amet consectetuer adipiscing elit proin interdum mauris non ligula pellentesque ultrices phasellus id sapien in sapien iaculis congue vivamus metus arcu adipiscing molestie hendrerit', 15),
(397, '2021-09-26', '15:36:00', NULL, '36', 4, 7, NULL, 119),
(398, '2021-09-24', '11:37:00', NULL, '82', 2, 4, 'ultrices libero non mattis pulvinar nulla pede ullamcorper augue a suscipit nulla elit ac nulla sed vel enim sit', 85),
(399, '2021-09-29', '12:49:00', NULL, '100', 3, 5, 'lorem ipsum dolor sit amet consectetuer adipiscing elit proin interdum mauris non ligula pellentesque ultrices phasellus id sapien in sapien iaculis congue vivamus metus arcu adipiscing molestie', 28),
(400, '2021-09-29', '20:21:00', NULL, '31', 4, 1, NULL, 135),
(401, '2021-09-25', '20:04:00', NULL, '46', 3, 4, NULL, 54),
(402, '2021-09-27', '17:33:00', NULL, '54', 1, 8, 'vel nisl duis ac nibh fusce lacus purus aliquet at feugiat non pretium quis lectus suspendisse potenti in eleifend quam', 14),
(403, '2021-09-24', '17:25:00', NULL, '16', 2, 4, NULL, 3),
(404, '2021-09-28', '13:56:00', NULL, '14', 1, 8, 'elementum nullam varius nulla facilisi cras non velit nec nisi vulputate nonummy maecenas tincidunt', 19),
(405, '2021-09-23', '16:21:00', NULL, '84', 3, 5, NULL, 145),
(406, '2021-09-24', '14:57:00', NULL, '3', 4, 2, 'sed lacus morbi sem mauris laoreet ut rhoncus aliquet pulvinar sed nisl nunc rhoncus dui vel sem sed sagittis nam congue risus semper porta volutpat quam pede lobortis', 144),
(407, '2021-09-22', '18:39:00', NULL, '50', 3, 2, NULL, 22),
(408, '2021-09-27', '20:29:00', NULL, '42', 2, 9, NULL, 32),
(409, '2021-09-25', '12:53:00', NULL, '56', 4, 3, NULL, 185),
(410, '2021-09-29', '19:08:00', NULL, '48', 2, 10, NULL, 68),
(411, '2021-09-30', '16:07:00', NULL, '60', 4, 5, 'phasellus id sapien in sapien iaculis congue vivamus metus arcu adipiscing molestie hendrerit at vulputate vitae nisl aenean lectus pellentesque eget nunc', 60),
(412, '2021-09-26', '19:17:00', NULL, '6', 4, 3, NULL, 45),
(413, '2021-09-26', '18:17:00', NULL, '91', 1, 8, NULL, 176),
(414, '2021-09-26', '18:03:00', NULL, '19', 4, 9, NULL, 191),
(415, '2021-09-23', '11:31:00', NULL, '94', 4, 7, 'lectus in est risus auctor sed tristique in tempus sit amet sem fusce consequat nulla nisl nunc nisl duis bibendum felis sed interdum venenatis turpis', 22),
(416, '2021-10-01', '15:06:00', NULL, '85', 3, 10, 'accumsan tortor quis turpis sed ante vivamus tortor duis mattis egestas metus aenean fermentum donec ut mauris eget massa tempor', 191),
(417, '2021-09-26', '15:56:00', NULL, '7', 3, 7, NULL, 33),
(418, '2021-09-25', '10:25:00', NULL, '42', 2, 5, NULL, 143),
(419, '2021-09-29', '10:08:00', NULL, '68', 3, 4, 'tempus vivamus in felis eu sapien cursus vestibulum proin eu mi nulla ac enim in tempor turpis nec euismod', 200),
(420, '2021-09-25', '12:51:00', NULL, '22', 3, 4, NULL, 126),
(421, '2021-09-27', '14:27:00', NULL, '59', 4, 1, NULL, 97),
(422, '2021-09-24', '10:14:00', NULL, '83', 3, 5, 'dolor sit amet consectetuer adipiscing elit proin interdum mauris non ligula pellentesque ultrices', 141),
(423, '2021-09-25', '13:47:00', NULL, '64', 4, 5, 'velit nec nisi vulputate nonummy maecenas tincidunt lacus at velit vivamus vel nulla eget', 181),
(424, '2021-10-01', '16:19:00', NULL, '22', 4, 2, 'lacinia erat vestibulum sed magna at nunc commodo placerat praesent blandit nam nulla integer pede justo lacinia eget tincidunt eget tempus vel pede morbi porttitor lorem id ligula', 48),
(425, '2021-09-22', '15:05:00', NULL, '60', 3, 6, 'non mi integer ac neque duis bibendum morbi non quam nec', 169),
(426, '2021-09-30', '19:12:00', NULL, '1', 1, 9, NULL, 24),
(427, '2021-09-25', '20:01:00', NULL, '36', 2, 6, NULL, 175),
(428, '2021-09-25', '20:24:00', NULL, '94', 1, 10, 'nec sem duis aliquam convallis nunc proin at turpis a', 87),
(429, '2021-09-24', '10:48:00', NULL, '36', 3, 2, NULL, 182),
(430, '2021-09-26', '18:52:00', NULL, '94', 3, 1, NULL, 72),
(431, '2021-09-26', '20:56:00', NULL, '52', 1, 8, 'ut odio cras mi pede malesuada in imperdiet et commodo vulputate justo in blandit ultrices enim lorem ipsum dolor sit amet consectetuer adipiscing elit proin interdum mauris non', 77),
(432, '2021-09-27', '13:06:00', NULL, '21', 4, 9, 'id lobortis convallis tortor risus dapibus augue vel accumsan tellus nisi eu orci mauris lacinia sapien quis libero nullam sit amet turpis', 64),
(433, '2021-09-24', '15:00:00', NULL, '65', 3, 1, NULL, 191),
(434, '2021-09-25', '16:43:00', NULL, '16', 2, 3, NULL, 113),
(435, '2021-09-24', '12:12:00', NULL, '22', 2, 8, 'dolor morbi vel lectus in quam fringilla rhoncus mauris enim leo rhoncus sed vestibulum sit amet cursus id turpis integer aliquet', 117),
(436, '2021-09-30', '15:57:00', NULL, '83', 4, 4, NULL, 132),
(437, '2021-09-28', '10:53:00', NULL, '7', 3, 2, NULL, 24),
(438, '2021-09-24', '17:10:00', NULL, '28', 4, 1, 'rutrum rutrum neque aenean auctor gravida sem praesent id massa id nisl venenatis lacinia aenean sit amet justo morbi ut odio cras mi pede', 35),
(439, '2021-09-27', '17:37:00', NULL, '23', 4, 7, NULL, 20),
(440, '2021-09-28', '11:44:00', NULL, '10', 4, 9, 'magna vestibulum aliquet ultrices erat tortor sollicitudin mi sit amet lobortis sapien sapien non mi integer ac neque duis', 33),
(441, '2021-09-24', '13:11:00', NULL, '67', 3, 3, 'praesent blandit nam nulla integer pede justo lacinia eget tincidunt eget tempus vel pede morbi porttitor lorem id ligula', 187),
(442, '2021-09-22', '18:14:00', NULL, '91', 4, 3, 'quam pharetra magna ac consequat metus sapien ut nunc vestibulum ante ipsum primis in faucibus', 139),
(443, '2021-09-23', '14:04:00', NULL, '21', 2, 1, 'turpis integer aliquet massa id lobortis convallis tortor risus dapibus augue vel accumsan tellus nisi eu orci mauris lacinia sapien quis libero nullam sit amet turpis elementum ligula vehicula consequat', 15),
(444, '2021-09-29', '10:52:00', NULL, '57', 1, 2, NULL, 34),
(445, '2021-09-23', '10:25:00', NULL, '50', 4, 3, NULL, 90),
(446, '2021-09-27', '13:39:00', NULL, '91', 3, 3, NULL, 147),
(447, '2021-09-22', '12:10:00', NULL, '36', 4, 8, NULL, 95),
(448, '2021-09-26', '19:54:00', NULL, '44', 3, 10, NULL, 50),
(449, '2021-09-26', '12:04:00', NULL, '21', 2, 1, 'consequat dui nec nisi volutpat eleifend donec ut dolor morbi vel', 165),
(450, '2021-09-24', '20:07:00', NULL, '8', 2, 2, NULL, 144),
(451, '2021-09-29', '17:00:00', NULL, '96', 4, 2, NULL, 15),
(452, '2021-09-22', '20:12:00', NULL, '53', 1, 5, 'erat fermentum justo nec condimentum neque sapien placerat ante nulla justo aliquam quis turpis eget elit', 167),
(453, '2021-09-24', '18:00:00', NULL, '78', 2, 10, 'ac neque duis bibendum morbi non quam nec dui luctus rutrum nulla tellus in sagittis dui vel nisl duis ac nibh fusce lacus', 88),
(454, '2021-09-22', '13:46:00', NULL, '70', 1, 5, NULL, 140),
(455, '2021-09-30', '19:48:00', NULL, '100', 3, 1, NULL, 53),
(456, '2021-09-24', '10:58:00', NULL, '47', 4, 1, NULL, 30),
(457, '2021-09-28', '13:50:00', NULL, '23', 1, 2, NULL, 115),
(458, '2021-10-01', '16:39:00', NULL, '26', 2, 9, NULL, 151),
(459, '2021-09-27', '11:37:00', NULL, '81', 1, 9, NULL, 140),
(460, '2021-10-01', '11:33:00', NULL, '50', 3, 5, NULL, 31),
(461, '2021-09-22', '17:34:00', NULL, '10', 3, 5, NULL, 145),
(462, '2021-09-30', '13:02:00', NULL, '28', 2, 2, NULL, 183),
(463, '2021-09-26', '17:09:00', NULL, '3', 2, 5, 'donec quis orci eget orci vehicula condimentum curabitur in libero ut massa', 69),
(464, '2021-09-22', '11:25:00', NULL, '95', 2, 2, 'aliquam augue quam sollicitudin vitae consectetuer eget rutrum at lorem integer tincidunt ante vel ipsum praesent blandit', 41),
(465, '2021-10-01', '11:55:00', NULL, '22', 3, 3, NULL, 161),
(466, '2021-09-29', '17:06:00', NULL, '96', 2, 5, NULL, 13),
(467, '2021-09-22', '19:46:00', NULL, '30', 4, 1, NULL, 64),
(468, '2021-09-30', '13:51:00', NULL, '40', 3, 6, 'vestibulum sed magna at nunc commodo placerat praesent blandit nam nulla integer pede justo lacinia eget tincidunt eget tempus vel pede', 67),
(469, '2021-09-26', '20:39:00', NULL, '50', 1, 3, NULL, 170),
(470, '2021-09-22', '17:32:00', NULL, '72', 1, 7, 'mauris sit amet eros suspendisse accumsan tortor quis turpis sed ante vivamus tortor duis mattis egestas metus aenean fermentum donec ut mauris eget massa tempor', 62),
(471, '2021-10-01', '15:27:00', NULL, '28', 1, 5, NULL, 159),
(472, '2021-09-27', '13:03:00', NULL, '79', 3, 7, NULL, 135),
(473, '2021-09-27', '11:29:00', NULL, '78', 3, 2, NULL, 108),
(474, '2021-09-27', '20:52:00', NULL, '26', 4, 4, NULL, 99),
(475, '2021-09-24', '16:33:00', NULL, '57', 2, 10, NULL, 24),
(476, '2021-09-28', '18:46:00', NULL, '9', 1, 10, 'eget orci vehicula condimentum curabitur in libero ut massa volutpat convallis morbi odio odio elementum eu interdum eu tincidunt in leo', 53),
(477, '2021-09-28', '19:53:00', NULL, '51', 4, 1, NULL, 198),
(478, '2021-09-24', '20:07:00', NULL, '48', 1, 7, NULL, 117),
(479, '2021-09-30', '13:49:00', NULL, '28', 2, 9, NULL, 66),
(480, '2021-09-27', '16:43:00', NULL, '37', 1, 10, NULL, 42),
(481, '2021-09-23', '10:29:00', NULL, '74', 3, 8, NULL, 76),
(482, '2021-09-27', '18:05:00', NULL, '7', 2, 7, NULL, 6),
(483, '2021-09-28', '11:07:00', NULL, '90', 1, 8, NULL, 14),
(484, '2021-09-23', '16:15:00', NULL, '17', 1, 10, 'ut massa volutpat convallis morbi odio odio elementum eu interdum eu tincidunt in leo maecenas pulvinar', 30),
(485, '2021-09-24', '11:24:00', NULL, '70', 2, 10, NULL, 56),
(486, '2021-09-27', '11:40:00', NULL, '49', 2, 3, NULL, 60),
(487, '2021-09-24', '11:25:00', NULL, '100', 3, 9, NULL, 28),
(488, '2021-09-24', '13:36:00', NULL, '14', 4, 5, 'vestibulum ante ipsum primis in faucibus orci luctus et ultrices posuere cubilia curae donec pharetra magna vestibulum aliquet ultrices erat tortor sollicitudin mi sit amet lobortis sapien sapien', 38),
(489, '2021-09-30', '19:07:00', NULL, '17', 2, 4, NULL, 96),
(490, '2021-09-25', '14:00:00', NULL, '61', 4, 5, NULL, 27),
(491, '2021-09-24', '18:38:00', NULL, '20', 2, 8, NULL, 3),
(492, '2021-10-01', '14:29:00', NULL, '82', 4, 5, 'sed justo pellentesque viverra pede ac diam cras pellentesque volutpat', 125),
(493, '2021-09-22', '19:20:00', NULL, '63', 4, 5, NULL, 154),
(494, '2021-09-30', '14:14:00', NULL, '59', 3, 8, 'fusce posuere felis sed lacus morbi sem mauris laoreet ut rhoncus aliquet', 200),
(495, '2021-09-26', '15:07:00', NULL, '24', 3, 5, NULL, 189),
(496, '2021-09-27', '19:26:00', NULL, '57', 1, 10, NULL, 150),
(497, '2021-09-26', '20:29:00', NULL, '30', 3, 7, NULL, 18),
(498, '2021-10-01', '19:00:00', NULL, '13', 3, 6, NULL, 57),
(499, '2021-09-23', '10:58:00', NULL, '59', 2, 4, NULL, 155),
(500, '2021-09-28', '17:27:00', NULL, '67', 4, 5, NULL, 80),
(501, '2021-09-28', '15:07:00', NULL, '9', 2, 1, NULL, 101),
(502, '2021-09-22', '13:05:00', NULL, '23', 2, 5, 'enim leo rhoncus sed vestibulum sit amet cursus id turpis integer aliquet massa id lobortis convallis tortor risus', 126),
(503, '2021-09-27', '16:32:00', NULL, '45', 1, 1, NULL, 34),
(504, '2021-09-23', '14:32:00', NULL, '84', 2, 4, NULL, 40),
(505, '2021-09-22', '13:19:00', NULL, '92', 2, 6, 'eget eleifend luctus ultricies eu nibh quisque id justo sit amet sapien dignissim vestibulum vestibulum ante ipsum primis in faucibus orci luctus', 53),
(506, '2021-09-30', '17:25:00', NULL, '43', 3, 9, NULL, 137),
(507, '2021-09-27', '12:24:00', NULL, '93', 1, 4, NULL, 54),
(508, '2021-09-27', '10:30:00', NULL, '71', 3, 1, NULL, 126),
(509, '2021-09-22', '19:29:00', NULL, '27', 3, 1, 'ante ipsum primis in faucibus orci luctus et ultrices posuere cubilia curae', 95),
(510, '2021-09-26', '10:01:00', NULL, '26', 4, 8, NULL, 159),
(511, '2021-09-27', '15:22:00', NULL, '2', 3, 7, NULL, 76),
(512, '2021-09-28', '10:54:00', NULL, '53', 3, 7, NULL, 124),
(513, '2021-09-29', '10:04:00', NULL, '23', 4, 5, 'aliquet massa id lobortis convallis tortor risus dapibus augue vel accumsan tellus nisi eu orci mauris lacinia sapien quis libero nullam sit amet turpis elementum ligula', 181),
(514, '2021-09-25', '19:44:00', NULL, '91', 4, 1, 'venenatis turpis enim blandit mi in porttitor pede justo eu massa', 105),
(515, '2021-09-28', '12:32:00', NULL, '88', 3, 1, NULL, 121),
(516, '2021-09-26', '12:59:00', NULL, '63', 4, 9, 'varius ut blandit non interdum in ante vestibulum ante ipsum primis in faucibus orci luctus et ultrices posuere cubilia curae duis faucibus accumsan odio curabitur convallis duis consequat dui nec', 141),
(517, '2021-09-23', '13:43:00', NULL, '26', 1, 1, 'eros elementum pellentesque quisque porta volutpat erat quisque erat eros viverra eget congue eget semper rutrum', 134),
(518, '2021-09-26', '18:42:00', NULL, '54', 3, 5, NULL, 96),
(519, '2021-09-22', '20:24:00', NULL, '86', 2, 1, NULL, 124),
(520, '2021-09-25', '17:32:00', NULL, '44', 2, 2, 'rutrum nulla nunc purus phasellus in felis donec semper sapien a libero', 153),
(521, '2021-09-26', '11:43:00', NULL, '27', 2, 4, NULL, 25),
(522, '2021-09-27', '10:08:00', NULL, '71', 3, 6, NULL, 135),
(523, '2021-09-24', '17:41:00', NULL, '47', 3, 9, NULL, 27),
(524, '2021-09-23', '10:33:00', NULL, '57', 3, 5, NULL, 191),
(525, '2021-09-22', '20:52:00', NULL, '68', 4, 9, NULL, 140),
(526, '2021-09-23', '13:54:00', NULL, '22', 4, 2, NULL, 173),
(527, '2021-09-22', '16:45:00', NULL, '87', 4, 7, NULL, 181),
(528, '2021-09-27', '18:55:00', NULL, '77', 4, 8, NULL, 65),
(529, '2021-09-30', '17:47:00', NULL, '16', 3, 4, NULL, 39),
(530, '2021-09-24', '10:01:00', NULL, '87', 1, 3, 'nisi nam ultrices libero non mattis pulvinar nulla pede ullamcorper augue a suscipit nulla elit ac nulla sed vel enim sit amet nunc viverra dapibus', 76),
(531, '2021-09-22', '12:03:00', NULL, '75', 3, 4, 'faucibus accumsan odio curabitur convallis duis consequat dui nec nisi volutpat eleifend donec ut dolor morbi vel lectus in quam fringilla rhoncus mauris enim leo rhoncus', 106),
(532, '2021-10-01', '14:49:00', NULL, '87', 3, 10, 'quisque erat eros viverra eget congue eget semper rutrum nulla nunc purus phasellus in felis donec semper sapien', 127),
(533, '2021-09-30', '13:37:00', NULL, '32', 4, 10, NULL, 103),
(534, '2021-09-29', '17:50:00', NULL, '29', 3, 3, NULL, 176),
(535, '2021-09-27', '19:32:00', NULL, '30', 4, 8, NULL, 101),
(536, '2021-09-24', '11:25:00', NULL, '19', 3, 2, NULL, 200),
(537, '2021-09-24', '18:04:00', NULL, '24', 4, 1, 'eget semper rutrum nulla nunc purus phasellus in felis donec semper sapien a libero nam dui proin leo odio porttitor id consequat in consequat ut nulla', 156),
(538, '2021-09-25', '20:06:00', NULL, '32', 2, 6, NULL, 33),
(539, '2021-09-28', '20:13:00', NULL, '39', 2, 3, 'ipsum primis in faucibus orci luctus et ultrices posuere cubilia curae mauris viverra diam vitae quam suspendisse potenti nullam porttitor lacus at turpis donec posuere', 197),
(540, '2021-09-27', '16:15:00', NULL, '46', 4, 1, 'nisl venenatis lacinia aenean sit amet justo morbi ut odio cras mi pede malesuada in imperdiet et commodo vulputate justo in blandit ultrices enim lorem ipsum', 139),
(541, '2021-09-28', '19:22:00', NULL, '77', 4, 1, 'mauris non ligula pellentesque ultrices phasellus id sapien in sapien iaculis congue vivamus metus arcu', 176),
(542, '2021-09-30', '17:54:00', NULL, '10', 1, 1, NULL, 76),
(543, '2021-09-26', '16:54:00', NULL, '43', 4, 7, NULL, 95),
(544, '2021-09-29', '15:14:00', NULL, '15', 3, 4, NULL, 199),
(545, '2021-09-23', '12:07:00', NULL, '60', 4, 8, NULL, 192),
(546, '2021-09-25', '10:57:00', NULL, '34', 3, 1, NULL, 126),
(547, '2021-09-25', '16:17:00', NULL, '65', 3, 2, NULL, 142),
(548, '2021-09-23', '13:45:00', NULL, '43', 1, 2, NULL, 69),
(549, '2021-09-30', '13:57:00', NULL, '70', 4, 7, NULL, 157),
(550, '2021-09-30', '19:07:00', NULL, '38', 4, 4, 'rutrum nulla nunc purus phasellus in felis donec semper sapien a libero nam dui proin leo odio porttitor id', 66),
(551, '2021-09-28', '10:10:00', NULL, '52', 3, 10, NULL, 157),
(552, '2021-10-01', '17:31:00', NULL, '12', 3, 8, NULL, 68),
(553, '2021-09-22', '13:00:00', NULL, '50', 4, 5, 'nulla sed vel enim sit amet nunc viverra dapibus nulla suscipit ligula in lacus curabitur at ipsum ac tellus semper interdum mauris', 195),
(554, '2021-09-24', '16:42:00', NULL, '42', 2, 4, NULL, 52),
(555, '2021-09-22', '11:25:00', NULL, '72', 3, 1, NULL, 86),
(556, '2021-10-01', '10:29:00', NULL, '85', 2, 10, NULL, 144),
(557, '2021-09-29', '17:22:00', NULL, '3', 3, 7, 'proin leo odio porttitor id consequat in consequat ut nulla sed accumsan felis ut at dolor quis odio consequat varius integer ac leo pellentesque ultrices mattis odio', 133),
(558, '2021-09-22', '15:04:00', NULL, '42', 4, 3, NULL, 175),
(559, '2021-09-24', '16:46:00', NULL, '31', 3, 2, NULL, 7),
(560, '2021-09-26', '18:22:00', NULL, '12', 1, 4, NULL, 183),
(561, '2021-09-23', '15:45:00', NULL, '18', 3, 8, NULL, 186),
(562, '2021-09-25', '12:18:00', NULL, '5', 4, 3, NULL, 88),
(563, '2021-09-24', '14:06:00', NULL, '78', 1, 1, 'vulputate luctus cum sociis natoque penatibus et magnis dis parturient montes nascetur ridiculus mus vivamus vestibulum', 120),
(564, '2021-09-27', '10:19:00', NULL, '49', 3, 4, NULL, 172),
(565, '2021-10-01', '10:34:00', NULL, '94', 4, 3, NULL, 53),
(566, '2021-09-26', '18:40:00', NULL, '12', 1, 4, 'et commodo vulputate justo in blandit ultrices enim lorem ipsum dolor sit amet consectetuer adipiscing elit proin interdum', 187),
(567, '2021-09-27', '14:45:00', NULL, '19', 4, 4, NULL, 18),
(568, '2021-09-27', '12:28:00', NULL, '21', 2, 3, 'lacinia eget tincidunt eget tempus vel pede morbi porttitor lorem id ligula', 65),
(569, '2021-09-25', '10:33:00', NULL, '49', 1, 3, NULL, 126),
(570, '2021-10-01', '11:45:00', NULL, '54', 3, 6, NULL, 59),
(571, '2021-09-26', '13:23:00', NULL, '20', 2, 5, NULL, 62),
(572, '2021-09-23', '10:40:00', NULL, '6', 2, 8, 'justo in blandit ultrices enim lorem ipsum dolor sit amet consectetuer adipiscing elit proin interdum mauris non ligula pellentesque ultrices', 12),
(573, '2021-09-23', '17:35:00', NULL, '21', 1, 5, NULL, 73),
(574, '2021-09-25', '20:15:00', NULL, '65', 1, 10, 'eu mi nulla ac enim in tempor turpis nec euismod scelerisque quam turpis adipiscing lorem vitae mattis', 164),
(575, '2021-09-30', '14:40:00', NULL, '34', 1, 4, NULL, 136),
(576, '2021-09-29', '16:14:00', NULL, '56', 3, 7, 'justo morbi ut odio cras mi pede malesuada in imperdiet et commodo vulputate', 31),
(577, '2021-09-24', '15:02:00', NULL, '47', 4, 4, NULL, 137),
(578, '2021-09-26', '17:44:00', NULL, '97', 3, 4, NULL, 122),
(579, '2021-10-01', '13:22:00', NULL, '66', 2, 3, 'sodales scelerisque mauris sit amet eros suspendisse accumsan tortor quis turpis sed ante vivamus tortor duis mattis egestas metus aenean fermentum donec ut mauris eget massa tempor convallis nulla', 141),
(580, '2021-09-24', '17:33:00', NULL, '70', 3, 8, NULL, 104),
(581, '2021-09-25', '18:43:00', NULL, '60', 3, 8, NULL, 10),
(582, '2021-09-26', '13:26:00', NULL, '57', 2, 7, 'adipiscing elit proin interdum mauris non ligula pellentesque ultrices phasellus id sapien in sapien iaculis congue vivamus metus arcu adipiscing molestie hendrerit at', 53),
(583, '2021-09-25', '13:21:00', NULL, '83', 2, 2, NULL, 151),
(584, '2021-09-24', '14:57:00', NULL, '48', 2, 4, 'dapibus augue vel accumsan tellus nisi eu orci mauris lacinia sapien quis libero nullam sit amet', 20),
(585, '2021-09-28', '20:16:00', NULL, '53', 1, 6, NULL, 62),
(586, '2021-09-30', '17:22:00', NULL, '29', 2, 8, 'cubilia curae duis faucibus accumsan odio curabitur convallis duis consequat dui nec nisi', 87),
(587, '2021-09-26', '15:29:00', NULL, '68', 1, 6, NULL, 197),
(588, '2021-09-26', '19:49:00', NULL, '65', 1, 3, NULL, 90),
(589, '2021-09-23', '12:33:00', NULL, '73', 1, 3, NULL, 199),
(590, '2021-09-29', '11:39:00', NULL, '2', 2, 4, NULL, 179),
(591, '2021-09-24', '16:08:00', NULL, '44', 2, 3, NULL, 162),
(592, '2021-09-23', '18:35:00', NULL, '83', 4, 5, NULL, 48),
(593, '2021-09-30', '17:10:00', NULL, '19', 4, 4, NULL, 98),
(594, '2021-10-01', '12:46:00', NULL, '73', 4, 7, NULL, 47),
(595, '2021-09-25', '18:31:00', NULL, '9', 2, 10, NULL, 65),
(596, '2021-10-01', '19:56:00', NULL, '86', 2, 10, NULL, 189),
(597, '2021-09-25', '20:20:00', NULL, '79', 3, 3, NULL, 76),
(598, '2021-09-26', '16:21:00', NULL, '32', 1, 2, NULL, 12),
(599, '2021-09-29', '15:10:00', NULL, '7', 1, 1, 'venenatis lacinia aenean sit amet justo morbi ut odio cras mi pede malesuada in imperdiet et commodo vulputate justo in blandit ultrices enim lorem ipsum', 76),
(600, '2021-09-26', '15:02:00', NULL, '43', 3, 9, NULL, 105),
(601, '2021-10-01', '15:22:00', NULL, '17', 3, 3, NULL, 150),
(602, '2021-09-26', '15:27:00', NULL, '17', 4, 2, NULL, 130),
(603, '2021-10-01', '16:02:00', NULL, '59', 3, 3, 'platea dictumst morbi vestibulum velit id pretium iaculis diam erat fermentum justo nec condimentum neque', 100),
(604, '2021-09-30', '17:06:00', NULL, '52', 4, 4, NULL, 100),
(605, '2021-10-01', '12:53:00', NULL, '16', 1, 8, 'ante vestibulum ante ipsum primis in faucibus orci luctus et ultrices', 6),
(606, '2021-09-25', '14:42:00', NULL, '85', 3, 9, NULL, 100),
(607, '2021-09-29', '15:23:00', NULL, '83', 1, 6, NULL, 170),
(608, '2021-09-24', '15:13:00', NULL, '73', 1, 2, NULL, 8),
(609, '2021-09-22', '16:48:00', NULL, '50', 1, 5, 'accumsan felis ut at dolor quis odio consequat varius integer ac leo pellentesque ultrices mattis odio', 95),
(610, '2021-09-26', '19:46:00', NULL, '97', 3, 1, 'eu massa donec dapibus duis at velit eu est congue', 124),
(611, '2021-09-23', '11:15:00', NULL, '12', 4, 9, NULL, 153),
(612, '2021-09-26', '20:06:00', NULL, '91', 4, 4, NULL, 129),
(613, '2021-09-28', '10:50:00', NULL, '68', 1, 9, 'tortor duis mattis egestas metus aenean fermentum donec ut mauris eget massa tempor convallis nulla neque libero convallis eget eleifend luctus ultricies eu nibh quisque id justo', 26),
(614, '2021-09-27', '15:22:00', NULL, '69', 3, 2, NULL, 12),
(615, '2021-09-22', '20:49:00', NULL, '23', 3, 3, NULL, 146),
(616, '2021-09-22', '20:10:00', NULL, '79', 2, 7, 'metus aenean fermentum donec ut mauris eget massa tempor convallis nulla neque libero convallis eget eleifend luctus ultricies eu nibh quisque id justo sit amet sapien', 119),
(617, '2021-09-24', '19:38:00', NULL, '52', 3, 7, 'viverra eget congue eget semper rutrum nulla nunc purus phasellus in felis donec semper sapien a', 97),
(618, '2021-09-24', '16:03:00', NULL, '90', 4, 1, NULL, 25),
(619, '2021-09-30', '15:50:00', NULL, '91', 3, 4, 'nullam porttitor lacus at turpis donec posuere metus vitae ipsum aliquam', 8),
(620, '2021-09-27', '14:56:00', NULL, '98', 4, 2, 'magna at nunc commodo placerat praesent blandit nam nulla integer', 1),
(621, '2021-09-29', '12:38:00', NULL, '24', 4, 1, 'felis donec semper sapien a libero nam dui proin leo odio porttitor id consequat in consequat ut nulla sed accumsan felis ut at dolor quis odio consequat varius integer ac', 114),
(622, '2021-09-28', '15:21:00', NULL, '86', 2, 9, 'vitae nisi nam ultrices libero non mattis pulvinar nulla pede ullamcorper augue a suscipit nulla elit ac nulla sed vel enim sit amet nunc viverra dapibus nulla suscipit ligula', 186),
(623, '2021-09-22', '19:15:00', NULL, '78', 4, 2, 'primis in faucibus orci luctus et ultrices posuere cubilia curae nulla dapibus dolor vel est donec odio justo sollicitudin ut suscipit a', 198),
(624, '2021-10-01', '20:20:00', NULL, '93', 4, 5, 'dui maecenas tristique est et tempus semper est quam pharetra magna ac consequat metus sapien ut nunc vestibulum ante ipsum primis in', 42),
(625, '2021-09-23', '12:11:00', NULL, '72', 1, 3, NULL, 59),
(626, '2021-09-28', '18:01:00', NULL, '33', 4, 10, NULL, 9),
(627, '2021-09-25', '17:07:00', NULL, '24', 2, 2, 'nunc purus phasellus in felis donec semper sapien a libero nam dui proin leo odio porttitor id consequat in consequat', 196),
(628, '2021-09-27', '18:21:00', NULL, '77', 3, 2, 'a ipsum integer a nibh in quis justo maecenas rhoncus aliquam lacus morbi quis tortor id nulla ultrices aliquet maecenas leo odio', 194),
(629, '2021-09-23', '18:55:00', NULL, '70', 1, 7, NULL, 158),
(630, '2021-09-29', '20:23:00', NULL, '5', 4, 8, NULL, 10),
(631, '2021-09-26', '10:27:00', NULL, '99', 3, 6, NULL, 70),
(632, '2021-09-26', '13:59:00', NULL, '99', 2, 1, NULL, 151),
(633, '2021-09-30', '15:35:00', NULL, '35', 3, 3, NULL, 160),
(634, '2021-09-25', '10:58:00', NULL, '37', 2, 1, NULL, 170),
(635, '2021-09-25', '10:48:00', NULL, '93', 1, 10, NULL, 71),
(636, '2021-09-23', '15:01:00', NULL, '48', 1, 2, NULL, 18),
(637, '2021-09-28', '12:12:00', NULL, '6', 3, 10, NULL, 75),
(638, '2021-09-23', '10:13:00', NULL, '62', 3, 1, 'maecenas tincidunt lacus at velit vivamus vel nulla eget eros elementum pellentesque quisque porta volutpat erat quisque erat', 119),
(639, '2021-09-30', '17:55:00', NULL, '80', 2, 2, 'posuere felis sed lacus morbi sem mauris laoreet ut rhoncus aliquet pulvinar sed nisl nunc rhoncus dui vel sem sed sagittis nam congue risus semper', 103),
(640, '2021-09-23', '13:38:00', NULL, '65', 1, 4, NULL, 167),
(641, '2021-10-01', '18:54:00', NULL, '15', 4, 4, 'pulvinar nulla pede ullamcorper augue a suscipit nulla elit ac nulla sed vel enim sit amet', 128),
(642, '2021-09-27', '18:17:00', NULL, '79', 1, 5, NULL, 44),
(643, '2021-09-26', '14:05:00', NULL, '10', 4, 3, 'faucibus accumsan odio curabitur convallis duis consequat dui nec nisi volutpat eleifend donec ut dolor', 191),
(644, '2021-09-26', '16:41:00', NULL, '89', 1, 1, 'faucibus orci luctus et ultrices posuere cubilia curae mauris viverra diam vitae quam suspendisse potenti nullam porttitor lacus at turpis donec posuere metus', 109),
(645, '2021-10-01', '14:28:00', NULL, '64', 3, 2, 'sem mauris laoreet ut rhoncus aliquet pulvinar sed nisl nunc rhoncus dui vel sem sed sagittis nam congue risus semper porta volutpat quam', 35),
(646, '2021-09-28', '14:24:00', NULL, '41', 2, 4, 'praesent id massa id nisl venenatis lacinia aenean sit amet justo morbi ut odio cras mi pede malesuada in', 39),
(647, '2021-09-24', '13:29:00', NULL, '67', 3, 9, NULL, 64),
(648, '2021-09-28', '14:56:00', NULL, '47', 4, 8, NULL, 87),
(649, '2021-09-23', '17:32:00', NULL, '41', 2, 1, NULL, 51),
(650, '2021-09-30', '19:26:00', NULL, '52', 2, 2, NULL, 147),
(651, '2021-09-28', '11:28:00', NULL, '16', 2, 8, NULL, 8),
(652, '2021-09-23', '13:04:00', NULL, '71', 1, 4, 'libero nullam sit amet turpis elementum ligula vehicula consequat morbi a ipsum integer a', 113),
(653, '2021-09-26', '10:46:00', NULL, '10', 3, 5, 'duis aliquam convallis nunc proin at turpis a pede posuere nonummy integer non velit', 122),
(654, '2021-09-23', '10:39:00', NULL, '45', 2, 2, NULL, 184),
(655, '2021-10-01', '15:35:00', NULL, '57', 4, 8, 'elementum in hac habitasse platea dictumst morbi vestibulum velit id pretium iaculis diam', 131),
(656, '2021-09-30', '10:05:00', NULL, '51', 3, 4, NULL, 194),
(657, '2021-09-28', '13:37:00', NULL, '59', 3, 8, 'habitasse platea dictumst morbi vestibulum velit id pretium iaculis diam erat', 79),
(658, '2021-09-27', '11:38:00', NULL, '72', 2, 10, NULL, 35),
(659, '2021-09-22', '16:28:00', NULL, '58', 1, 5, 'mauris ullamcorper purus sit amet nulla quisque arcu libero rutrum ac lobortis vel dapibus', 137),
(660, '2021-09-23', '15:44:00', NULL, '92', 1, 7, NULL, 178),
(661, '2021-09-26', '13:33:00', NULL, '66', 2, 2, NULL, 56),
(662, '2021-09-29', '16:20:00', NULL, '43', 1, 1, NULL, 90),
(663, '2021-09-22', '15:01:00', NULL, '94', 3, 4, NULL, 27),
(664, '2021-09-23', '19:37:00', NULL, '80', 4, 10, 'congue vivamus metus arcu adipiscing molestie hendrerit at vulputate vitae nisl aenean lectus pellentesque eget nunc donec quis orci eget orci vehicula condimentum', 133),
(665, '2021-10-01', '16:32:00', NULL, '40', 2, 9, 'aliquam non mauris morbi non lectus aliquam sit amet diam in magna bibendum imperdiet nullam orci', 79),
(666, '2021-09-22', '16:50:00', NULL, '99', 1, 4, NULL, 88),
(667, '2021-09-26', '11:38:00', NULL, '90', 3, 10, NULL, 103),
(668, '2021-09-27', '13:58:00', NULL, '50', 2, 7, NULL, 167),
(669, '2021-09-28', '11:49:00', NULL, '12', 1, 6, 'potenti in eleifend quam a odio in hac habitasse platea dictumst', 116),
(670, '2021-09-30', '14:09:00', NULL, '35', 3, 5, NULL, 125),
(671, '2021-10-01', '16:12:00', NULL, '7', 3, 5, NULL, 121),
(672, '2021-10-01', '17:33:00', NULL, '74', 1, 7, NULL, 56),
(673, '2021-09-30', '18:30:00', NULL, '38', 3, 2, NULL, 100),
(674, '2021-09-25', '17:09:00', NULL, '64', 1, 8, 'felis eu sapien cursus vestibulum proin eu mi nulla ac enim in tempor turpis nec euismod scelerisque quam turpis adipiscing', 132),
(675, '2021-09-29', '12:37:00', NULL, '81', 4, 8, 'congue etiam justo etiam pretium iaculis justo in hac habitasse platea dictumst etiam faucibus cursus urna ut', 117),
(676, '2021-09-23', '16:33:00', NULL, '72', 2, 6, 'suscipit a feugiat et eros vestibulum ac est lacinia nisi venenatis tristique fusce congue diam id ornare imperdiet sapien urna pretium nisl ut', 61),
(677, '2021-09-30', '12:39:00', NULL, '56', 4, 7, 'amet diam in magna bibendum imperdiet nullam orci pede venenatis non sodales sed tincidunt eu felis fusce posuere felis sed', 4),
(678, '2021-09-26', '17:32:00', NULL, '12', 3, 2, NULL, 164),
(679, '2021-09-25', '11:45:00', NULL, '63', 3, 1, NULL, 20),
(680, '2021-09-29', '15:47:00', NULL, '6', 3, 1, 'sed magna at nunc commodo placerat praesent blandit nam nulla integer pede justo lacinia eget tincidunt eget tempus vel pede morbi', 182),
(681, '2021-09-27', '16:20:00', NULL, '96', 2, 8, 'quis odio consequat varius integer ac leo pellentesque ultrices mattis odio donec vitae nisi nam ultrices libero non mattis pulvinar nulla pede ullamcorper augue a suscipit', 102),
(682, '2021-09-29', '15:10:00', NULL, '48', 3, 5, NULL, 153),
(683, '2021-09-25', '19:46:00', NULL, '34', 1, 5, 'morbi porttitor lorem id ligula suspendisse ornare consequat lectus in est risus auctor sed tristique', 141),
(684, '2021-09-23', '10:12:00', NULL, '43', 1, 2, NULL, 104),
(685, '2021-09-28', '17:19:00', NULL, '88', 2, 3, NULL, 19),
(686, '2021-09-23', '11:42:00', NULL, '21', 3, 10, 'sollicitudin vitae consectetuer eget rutrum at lorem integer tincidunt ante vel ipsum praesent blandit lacinia erat vestibulum sed magna at nunc commodo placerat praesent blandit nam nulla integer', 47),
(687, '2021-09-30', '14:51:00', NULL, '46', 2, 8, NULL, 142),
(688, '2021-09-23', '15:20:00', NULL, '25', 1, 9, 'vestibulum ante ipsum primis in faucibus orci luctus et ultrices posuere cubilia curae donec pharetra magna vestibulum aliquet', 161),
(689, '2021-09-28', '14:22:00', NULL, '85', 3, 8, NULL, 98),
(690, '2021-09-27', '19:57:00', NULL, '59', 4, 2, 'erat quisque erat eros viverra eget congue eget semper rutrum nulla nunc purus', 92),
(691, '2021-09-24', '16:07:00', NULL, '53', 4, 10, NULL, 21),
(692, '2021-09-28', '19:41:00', NULL, '57', 3, 8, NULL, 60),
(693, '2021-09-25', '14:09:00', NULL, '78', 2, 8, NULL, 55),
(694, '2021-09-27', '18:47:00', NULL, '35', 1, 8, 'tellus nisi eu orci mauris lacinia sapien quis libero nullam sit amet turpis elementum ligula vehicula consequat morbi a ipsum integer a nibh in quis justo maecenas rhoncus', 88),
(695, '2021-09-24', '20:02:00', NULL, '57', 4, 8, 'amet lobortis sapien sapien non mi integer ac neque duis bibendum morbi non quam nec dui luctus rutrum nulla', 32),
(696, '2021-09-22', '19:59:00', NULL, '45', 1, 6, 'risus semper porta volutpat quam pede lobortis ligula sit amet eleifend pede libero quis orci nullam', 89),
(697, '2021-09-27', '19:45:00', NULL, '13', 3, 10, 'et eros vestibulum ac est lacinia nisi venenatis tristique fusce', 1),
(698, '2021-09-24', '19:59:00', NULL, '7', 1, 7, NULL, 14),
(699, '2021-09-27', '16:26:00', NULL, '72', 1, 7, 'amet eros suspendisse accumsan tortor quis turpis sed ante vivamus tortor duis mattis egestas metus aenean fermentum donec ut mauris eget massa tempor convallis nulla', 153),
(700, '2021-09-28', '18:32:00', NULL, '20', 3, 1, 'vulputate justo in blandit ultrices enim lorem ipsum dolor sit amet consectetuer adipiscing elit proin interdum mauris non ligula pellentesque ultrices phasellus id sapien', 14),
(701, '2021-09-30', '16:58:00', NULL, '56', 2, 6, NULL, 182),
(702, '2021-09-23', '18:39:00', NULL, '28', 4, 5, 'nulla justo aliquam quis turpis eget elit sodales scelerisque mauris sit amet eros suspendisse accumsan tortor quis turpis sed ante vivamus tortor duis mattis egestas metus', 188),
(703, '2021-09-28', '14:30:00', NULL, '66', 2, 7, 'vestibulum ante ipsum primis in faucibus orci luctus et ultrices posuere cubilia', 107),
(704, '2021-09-25', '12:49:00', NULL, '95', 3, 5, 'in felis donec semper sapien a libero nam dui proin leo odio porttitor id consequat in consequat ut', 146),
(705, '2021-09-26', '11:00:00', NULL, '56', 4, 2, 'pulvinar nulla pede ullamcorper augue a suscipit nulla elit ac nulla sed', 54),
(706, '2021-09-27', '15:25:00', NULL, '83', 1, 2, NULL, 155),
(707, '2021-10-01', '17:05:00', NULL, '32', 4, 8, 'in tempus sit amet sem fusce consequat nulla nisl nunc nisl duis bibendum felis sed interdum venenatis turpis enim blandit mi in porttitor pede', 12),
(708, '2021-09-25', '10:34:00', NULL, '88', 2, 3, 'nulla ultrices aliquet maecenas leo odio condimentum id luctus nec molestie sed justo pellentesque viverra pede ac diam cras', 122),
(709, '2021-09-23', '16:17:00', NULL, '98', 4, 5, 'imperdiet et commodo vulputate justo in blandit ultrices enim lorem ipsum dolor sit amet consectetuer adipiscing elit proin interdum mauris non ligula pellentesque ultrices', 98),
(710, '2021-09-28', '13:31:00', NULL, '16', 3, 4, NULL, 190),
(711, '2021-09-23', '15:57:00', NULL, '78', 3, 3, 'augue quam sollicitudin vitae consectetuer eget rutrum at lorem integer tincidunt ante vel ipsum praesent blandit lacinia erat vestibulum', 91),
(712, '2021-09-26', '17:28:00', NULL, '9', 4, 4, NULL, 9),
(713, '2021-09-27', '16:09:00', NULL, '96', 3, 1, NULL, 113),
(714, '2021-09-29', '16:50:00', NULL, '67', 3, 10, NULL, 96),
(715, '2021-09-22', '18:03:00', NULL, '77', 2, 6, 'quisque ut erat curabitur gravida nisi at nibh in hac habitasse platea', 87),
(716, '2021-09-27', '19:25:00', NULL, '18', 1, 10, 'in faucibus orci luctus et ultrices posuere cubilia curae donec pharetra magna vestibulum aliquet ultrices erat tortor sollicitudin mi sit amet lobortis sapien sapien non mi', 61),
(717, '2021-09-22', '12:16:00', NULL, '51', 2, 5, NULL, 104),
(718, '2021-09-30', '19:23:00', NULL, '16', 1, 9, NULL, 34),
(719, '2021-09-23', '11:42:00', NULL, '51', 4, 5, 'ridiculus mus vivamus vestibulum sagittis sapien cum sociis natoque penatibus et', 89),
(720, '2021-09-29', '15:54:00', NULL, '84', 4, 9, 'justo nec condimentum neque sapien placerat ante nulla justo aliquam quis turpis eget elit sodales', 162),
(721, '2021-09-30', '20:40:00', NULL, '41', 3, 2, NULL, 106),
(722, '2021-09-26', '17:01:00', NULL, '23', 3, 4, NULL, 148),
(723, '2021-09-28', '12:36:00', NULL, '44', 1, 3, 'quis turpis eget elit sodales scelerisque mauris sit amet eros suspendisse accumsan tortor quis turpis sed ante vivamus tortor duis mattis egestas metus aenean fermentum donec ut mauris eget', 80),
(724, '2021-09-25', '16:55:00', NULL, '59', 4, 5, 'et magnis dis parturient montes nascetur ridiculus mus vivamus vestibulum sagittis sapien cum sociis natoque penatibus et magnis dis parturient montes nascetur ridiculus', 48),
(725, '2021-09-26', '17:58:00', NULL, '86', 1, 2, NULL, 199),
(726, '2021-09-28', '15:39:00', NULL, '73', 2, 6, 'eget nunc donec quis orci eget orci vehicula condimentum curabitur in libero ut massa volutpat convallis morbi odio odio elementum eu interdum eu tincidunt in leo maecenas', 6),
(727, '2021-09-23', '20:51:00', NULL, '62', 1, 6, 'pellentesque volutpat dui maecenas tristique est et tempus semper est quam pharetra magna ac consequat metus sapien ut nunc vestibulum ante ipsum primis in faucibus orci', 126),
(728, '2021-09-26', '17:03:00', NULL, '81', 4, 9, 'ut blandit non interdum in ante vestibulum ante ipsum primis in', 76),
(729, '2021-09-26', '15:15:00', NULL, '46', 3, 3, NULL, 122),
(730, '2021-09-29', '14:14:00', NULL, '96', 4, 3, NULL, 68),
(731, '2021-09-24', '20:30:00', NULL, '71', 4, 4, NULL, 81),
(732, '2021-09-22', '15:50:00', NULL, '96', 4, 10, NULL, 98),
(733, '2021-09-29', '17:13:00', NULL, '84', 2, 7, NULL, 194),
(734, '2021-09-26', '19:29:00', NULL, '2', 3, 9, NULL, 172),
(735, '2021-09-24', '14:13:00', NULL, '12', 1, 1, NULL, 168),
(736, '2021-10-01', '17:55:00', NULL, '25', 3, 4, NULL, 104),
(737, '2021-09-29', '17:27:00', NULL, '12', 1, 1, NULL, 108),
(738, '2021-09-30', '17:35:00', NULL, '92', 1, 7, 'ante nulla justo aliquam quis turpis eget elit sodales scelerisque mauris sit amet eros suspendisse accumsan tortor quis turpis sed ante vivamus tortor duis mattis egestas metus', 186),
(739, '2021-09-26', '14:46:00', NULL, '24', 3, 6, 'donec semper sapien a libero nam dui proin leo odio porttitor id consequat in consequat ut nulla sed', 158),
(740, '2021-09-27', '17:58:00', NULL, '53', 3, 9, 'neque aenean auctor gravida sem praesent id massa id nisl venenatis lacinia aenean sit amet justo morbi ut odio cras mi pede', 121),
(741, '2021-09-25', '17:22:00', NULL, '48', 3, 2, NULL, 182),
(742, '2021-10-01', '18:58:00', NULL, '66', 4, 9, 'nullam varius nulla facilisi cras non velit nec nisi vulputate nonummy maecenas tincidunt lacus at velit vivamus vel nulla eget eros elementum pellentesque quisque porta volutpat erat', 55),
(743, '2021-09-29', '10:44:00', NULL, '74', 2, 4, NULL, 163),
(744, '2021-09-26', '16:58:00', NULL, '42', 3, 1, NULL, 110),
(745, '2021-09-23', '17:18:00', NULL, '36', 4, 1, 'non mauris morbi non lectus aliquam sit amet diam in magna bibendum imperdiet nullam', 184),
(746, '2021-09-29', '12:44:00', NULL, '69', 2, 8, NULL, 189),
(747, '2021-09-23', '15:53:00', NULL, '39', 3, 3, 'duis mattis egestas metus aenean fermentum donec ut mauris eget massa tempor convallis nulla neque', 181),
(748, '2021-09-26', '10:39:00', NULL, '14', 1, 2, 'pellentesque eget nunc donec quis orci eget orci vehicula condimentum curabitur in libero ut massa volutpat convallis morbi odio odio elementum eu', 63),
(749, '2021-09-26', '18:26:00', NULL, '3', 3, 10, 'morbi sem mauris laoreet ut rhoncus aliquet pulvinar sed nisl nunc rhoncus', 57),
(750, '2021-09-23', '13:46:00', NULL, '24', 2, 8, NULL, 14),
(751, '2021-09-27', '10:59:00', NULL, '10', 1, 10, 'at vulputate vitae nisl aenean lectus pellentesque eget nunc donec quis orci eget orci vehicula condimentum curabitur in libero ut massa volutpat', 23),
(752, '2021-10-01', '17:12:00', NULL, '92', 3, 2, 'sed sagittis nam congue risus semper porta volutpat quam pede lobortis ligula sit amet eleifend pede', 33),
(753, '2021-09-25', '15:26:00', NULL, '70', 4, 5, 'vulputate vitae nisl aenean lectus pellentesque eget nunc donec quis orci eget orci vehicula condimentum curabitur in', 160),
(754, '2021-09-28', '12:16:00', NULL, '100', 3, 6, 'sodales scelerisque mauris sit amet eros suspendisse accumsan tortor quis turpis sed ante vivamus tortor duis mattis egestas metus aenean fermentum donec ut mauris eget', 35),
(755, '2021-09-26', '16:15:00', NULL, '69', 2, 2, 'massa tempor convallis nulla neque libero convallis eget eleifend luctus ultricies eu nibh', 40),
(756, '2021-09-22', '13:43:00', NULL, '81', 2, 1, 'lectus vestibulum quam sapien varius ut blandit non interdum in ante vestibulum ante ipsum primis in faucibus orci luctus et', 68),
(757, '2021-10-01', '11:10:00', NULL, '21', 4, 2, 'elementum pellentesque quisque porta volutpat erat quisque erat eros viverra eget congue eget semper rutrum nulla nunc purus phasellus in felis donec semper sapien a libero nam dui proin', 73),
(758, '2021-09-30', '14:59:00', NULL, '9', 1, 4, 'in magna bibendum imperdiet nullam orci pede venenatis non sodales sed tincidunt eu felis fusce', 172),
(759, '2021-09-28', '13:41:00', NULL, '78', 4, 6, NULL, 116),
(760, '2021-09-27', '17:23:00', NULL, '67', 3, 3, NULL, 27),
(761, '2021-09-24', '16:05:00', NULL, '92', 4, 8, NULL, 63),
(762, '2021-09-24', '20:39:00', NULL, '79', 4, 5, NULL, 81),
(763, '2021-09-22', '19:51:00', NULL, '68', 1, 9, NULL, 118),
(764, '2021-09-29', '15:24:00', NULL, '52', 3, 2, NULL, 141),
(765, '2021-09-27', '16:35:00', NULL, '4', 1, 3, NULL, 150),
(766, '2021-09-23', '12:04:00', NULL, '2', 4, 10, NULL, 187),
(767, '2021-09-26', '10:58:00', NULL, '36', 3, 10, NULL, 174),
(768, '2021-09-27', '16:41:00', NULL, '3', 1, 8, NULL, 49),
(769, '2021-09-24', '14:34:00', NULL, '11', 3, 10, NULL, 89),
(770, '2021-09-23', '16:20:00', NULL, '69', 3, 2, NULL, 72),
(771, '2021-10-01', '20:39:00', NULL, '41', 1, 2, NULL, 39),
(772, '2021-09-24', '15:37:00', NULL, '18', 1, 6, NULL, 65),
(773, '2021-09-27', '19:09:00', NULL, '55', 2, 3, NULL, 61),
(774, '2021-09-26', '12:02:00', NULL, '74', 1, 7, 'pede libero quis orci nullam molestie nibh in lectus pellentesque at nulla suspendisse potenti cras in purus eu magna vulputate luctus cum sociis natoque penatibus', 99),
(775, '2021-09-30', '12:41:00', NULL, '20', 1, 1, 'ipsum primis in faucibus orci luctus et ultrices posuere cubilia curae duis faucibus accumsan odio curabitur convallis duis consequat dui', 61),
(776, '2021-09-26', '15:56:00', NULL, '92', 4, 1, NULL, 107),
(777, '2021-09-23', '13:04:00', NULL, '49', 3, 3, 'lacus curabitur at ipsum ac tellus semper interdum mauris ullamcorper purus sit amet nulla quisque arcu libero', 119),
(778, '2021-10-01', '17:09:00', NULL, '39', 3, 9, NULL, 51),
(779, '2021-09-30', '17:59:00', NULL, '10', 1, 9, 'tortor duis mattis egestas metus aenean fermentum donec ut mauris eget massa tempor convallis nulla neque libero convallis eget eleifend luctus ultricies eu nibh quisque', 109),
(780, '2021-09-22', '11:54:00', NULL, '94', 1, 6, NULL, 104),
(781, '2021-09-30', '19:37:00', NULL, '44', 1, 7, NULL, 157),
(782, '2021-09-26', '10:46:00', NULL, '49', 1, 4, NULL, 48),
(783, '2021-09-28', '12:44:00', NULL, '82', 3, 2, NULL, 113),
(784, '2021-09-30', '18:59:00', NULL, '66', 3, 3, 'tempus vel pede morbi porttitor lorem id ligula suspendisse ornare consequat lectus in est risus auctor sed tristique in tempus sit amet sem fusce consequat nulla nisl nunc nisl duis', 65),
(785, '2021-09-24', '12:58:00', NULL, '48', 1, 9, NULL, 179),
(786, '2021-09-28', '16:50:00', NULL, '89', 3, 7, NULL, 164),
(787, '2021-09-29', '17:31:00', NULL, '56', 3, 8, NULL, 11),
(788, '2021-09-27', '12:20:00', NULL, '71', 3, 1, NULL, 135),
(789, '2021-09-27', '11:34:00', NULL, '23', 1, 6, 'id turpis integer aliquet massa id lobortis convallis tortor risus dapibus augue vel accumsan tellus nisi eu orci mauris', 50),
(790, '2021-10-01', '14:58:00', NULL, '91', 4, 7, NULL, 81),
(791, '2021-09-29', '16:29:00', NULL, '3', 2, 2, 'orci luctus et ultrices posuere cubilia curae nulla dapibus dolor vel est donec odio justo sollicitudin ut suscipit a feugiat et eros vestibulum ac est lacinia nisi venenatis tristique', 117),
(792, '2021-09-29', '12:43:00', NULL, '18', 2, 4, NULL, 44),
(793, '2021-09-25', '11:54:00', NULL, '31', 1, 7, NULL, 94),
(794, '2021-09-25', '19:38:00', NULL, '17', 2, 3, NULL, 27),
(795, '2021-09-27', '15:37:00', NULL, '44', 4, 4, 'justo morbi ut odio cras mi pede malesuada in imperdiet et commodo vulputate justo in blandit ultrices', 92),
(796, '2021-09-23', '18:44:00', NULL, '16', 4, 1, 'pellentesque ultrices phasellus id sapien in sapien iaculis congue vivamus metus arcu adipiscing molestie hendrerit at vulputate vitae nisl aenean lectus pellentesque eget nunc donec', 78),
(797, '2021-09-28', '12:47:00', NULL, '45', 4, 6, NULL, 9),
(798, '2021-10-01', '18:50:00', NULL, '19', 1, 6, NULL, 148),
(799, '2021-09-22', '16:36:00', NULL, '82', 2, 9, 'ante vestibulum ante ipsum primis in faucibus orci luctus et ultrices', 44),
(800, '2021-09-24', '11:14:00', NULL, '80', 2, 8, 'ante nulla justo aliquam quis turpis eget elit sodales scelerisque mauris sit amet eros suspendisse accumsan tortor quis turpis sed', 101);



INSERT INTO reservation_has_allergy (inputID, reservationID, allergyID) VALUES
(1, 43, 7),
(2, 291, 21),
(3, 312, 9),
(4, 475, 4),
(5, 474, 8),
(6, 290, 25),
(7, 49, 2),
(8, 613, 2),
(9, 698, 29),
(10, 636, 19),
(11, 69, 4),
(12, 108, 6),
(13, 29, 17),
(14, 498, 5),
(15, 262, 3),
(16, 5, 2),
(17, 376, 6),
(18, 697, 28),
(19, 399, 28),
(20, 466, 30),
(21, 52, 28),
(22, 366, 28),
(23, 354, 14),
(24, 297, 30),
(25, 250, 4),
(26, 444, 7),
(27, 708, 28),
(28, 514, 5),
(29, 157, 6),
(30, 284, 18),
(31, 222, 4),
(32, 81, 22),
(33, 55, 13),
(34, 578, 14),
(35, 131, 25),
(36, 612, 24),
(37, 305, 1),
(38, 137, 16),
(39, 210, 21),
(40, 341, 10),
(41, 238, 12),
(42, 658, 8),
(43, 785, 1),
(44, 670, 27),
(45, 91, 4),
(46, 329, 17),
(47, 563, 7),
(48, 506, 25),
(49, 517, 18),
(50, 225, 18),
(51, 774, 12),
(52, 530, 23),
(53, 611, 24),
(54, 190, 28),
(55, 769, 16),
(56, 36, 30),
(57, 24, 11),
(58, 610, 17),
(59, 640, 6),
(60, 611, 2),
(61, 527, 24),
(62, 55, 11),
(63, 466, 6),
(64, 403, 12),
(65, 43, 12),
(66, 566, 2),
(67, 726, 30),
(68, 325, 19),
(69, 648, 18),
(70, 625, 24),
(71, 748, 20),
(72, 544, 26),
(73, 163, 6),
(74, 320, 11),
(75, 638, 16),
(76, 510, 28),
(77, 602, 1),
(78, 575, 26),
(79, 794, 17),
(80, 331, 30),
(81, 591, 20),
(82, 120, 11),
(83, 210, 14),
(84, 249, 8),
(85, 424, 28),
(86, 161, 16),
(87, 597, 7),
(88, 516, 15),
(89, 282, 17),
(90, 133, 23),
(91, 631, 19),
(92, 135, 19),
(93, 51, 24),
(94, 15, 21),
(95, 173, 13),
(96, 131, 28),
(97, 599, 23),
(98, 80, 27),
(99, 528, 28),
(100, 47, 27),
(101, 165, 6),
(102, 169, 20),
(103, 511, 29),
(104, 313, 13),
(105, 367, 30),
(106, 601, 14),
(107, 77, 25),
(108, 11, 4),
(109, 558, 19),
(110, 372, 2),
(111, 368, 4),
(112, 674, 2),
(113, 334, 29),
(114, 125, 21),
(115, 568, 15),
(116, 514, 20),
(117, 74, 2),
(118, 790, 13),
(119, 714, 13),
(120, 122, 22),
(121, 660, 18),
(122, 203, 3),
(123, 65, 6),
(124, 633, 7),
(125, 396, 23),
(126, 138, 28),
(127, 560, 22),
(128, 775, 2),
(129, 406, 30),
(130, 367, 18),
(131, 32, 6),
(132, 581, 14),
(133, 160, 1),
(134, 629, 26),
(135, 169, 14),
(136, 295, 5),
(137, 756, 29),
(138, 37, 23),
(139, 64, 23),
(140, 163, 6),
(141, 658, 5),
(142, 198, 19),
(143, 423, 25),
(144, 472, 26),
(145, 436, 10),
(146, 580, 9),
(147, 610, 10),
(148, 240, 22),
(149, 431, 3),
(150, 649, 8),
(151, 13, 13),
(152, 657, 18),
(153, 709, 22),
(154, 125, 3),
(155, 737, 27),
(156, 82, 26),
(157, 433, 10),
(158, 317, 30),
(159, 644, 15),
(160, 111, 16),
(161, 568, 16),
(162, 99, 16),
(163, 371, 24),
(164, 516, 3),
(165, 647, 19),
(166, 227, 14),
(167, 417, 16),
(168, 680, 8),
(169, 20, 23),
(170, 256, 17),
(171, 39, 1),
(172, 534, 16),
(173, 402, 16),
(174, 689, 26),
(175, 301, 23),
(176, 785, 5),
(177, 411, 20),
(178, 783, 22),
(179, 42, 28),
(180, 162, 4),
(181, 200, 9),
(182, 552, 9),
(183, 577, 18),
(184, 269, 16),
(185, 331, 10),
(186, 138, 20),
(187, 274, 28),
(188, 289, 21),
(189, 107, 5),
(190, 201, 30),
(191, 718, 15),
(192, 309, 6),
(193, 272, 10),
(194, 123, 12),
(195, 278, 29),
(196, 344, 17),
(197, 749, 28),
(198, 153, 16),
(199, 49, 5),
(200, 349, 3),
(201, 677, 23),
(202, 53, 1),
(203, 36, 9),
(204, 207, 14),
(205, 620, 8),
(206, 623, 30),
(207, 161, 3),
(208, 95, 28),
(209, 778, 4),
(210, 84, 14),
(211, 615, 1),
(212, 422, 26),
(213, 25, 1),
(214, 361, 22),
(215, 686, 27),
(216, 452, 1),
(217, 25, 23),
(218, 434, 13),
(219, 211, 4),
(220, 540, 3),
(221, 556, 7),
(222, 98, 16),
(223, 214, 17),
(224, 452, 9),
(225, 628, 28),
(226, 193, 14),
(227, 106, 23),
(228, 31, 26),
(229, 127, 25),
(230, 117, 7),
(231, 5, 16),
(232, 594, 6),
(233, 253, 30),
(234, 160, 22),
(235, 10, 16),
(236, 651, 13),
(237, 124, 26),
(238, 13, 25),
(239, 468, 12),
(240, 733, 3),
(241, 85, 28),
(242, 233, 13),
(243, 159, 9),
(244, 800, 8),
(245, 232, 24),
(246, 753, 10),
(247, 524, 25),
(248, 630, 14),
(249, 24, 6),
(250, 535, 12),
(251, 472, 7),
(252, 616, 5),
(253, 170, 20),
(254, 539, 19),
(255, 5, 1),
(256, 131, 6),
(257, 535, 15),
(258, 449, 12),
(259, 562, 5),
(260, 17, 23),
(261, 51, 17),
(262, 178, 17),
(263, 306, 4),
(264, 277, 26),
(265, 486, 28),
(266, 253, 6),
(267, 557, 3),
(268, 683, 5),
(269, 266, 10),
(270, 752, 4),
(271, 13, 25),
(272, 786, 25),
(273, 397, 30),
(274, 22, 1),
(275, 727, 30),
(276, 781, 3),
(277, 704, 8),
(278, 475, 6),
(279, 530, 6),
(280, 466, 17),
(281, 286, 6),
(282, 723, 7),
(283, 89, 2),
(284, 672, 9),
(285, 26, 10),
(286, 761, 28),
(287, 749, 18),
(288, 146, 24),
(289, 235, 23),
(290, 274, 14),
(291, 56, 30),
(292, 312, 12),
(293, 482, 26),
(294, 727, 17),
(295, 721, 28),
(296, 17, 25),
(297, 527, 18),
(298, 408, 15),
(299, 228, 18),
(300, 117, 29),
(301, 5, 30),
(302, 246, 11),
(303, 283, 23),
(304, 274, 22),
(305, 682, 16),
(306, 260, 26),
(307, 197, 13),
(308, 524, 30),
(309, 761, 28),
(310, 483, 11),
(311, 634, 18),
(312, 332, 17),
(313, 97, 9),
(314, 595, 28),
(315, 698, 2),
(316, 327, 5),
(317, 321, 17),
(318, 645, 18),
(319, 66, 3),
(320, 723, 2),
(321, 377, 15),
(322, 437, 7),
(323, 495, 12),
(324, 794, 8),
(325, 693, 18),
(326, 661, 14),
(327, 608, 8),
(328, 182, 7),
(329, 431, 29),
(330, 705, 11),
(331, 37, 5),
(332, 469, 11),
(333, 230, 21),
(334, 630, 9),
(335, 668, 2),
(336, 92, 3),
(337, 766, 21),
(338, 19, 2),
(339, 568, 14),
(340, 537, 12),
(341, 73, 8),
(342, 732, 3),
(343, 393, 1),
(344, 82, 30),
(345, 488, 26),
(346, 464, 7),
(347, 323, 23),
(348, 230, 23),
(349, 567, 21),
(350, 710, 1),
(351, 412, 25),
(352, 356, 14),
(353, 722, 14),
(354, 792, 30),
(355, 391, 24),
(356, 623, 1),
(357, 591, 27),
(358, 313, 13),
(359, 237, 5),
(360, 305, 11),
(361, 291, 6),
(362, 652, 14),
(363, 727, 10),
(364, 427, 28),
(365, 796, 20),
(366, 11, 16),
(367, 777, 19),
(368, 55, 15),
(369, 419, 21),
(370, 487, 27),
(371, 142, 29),
(372, 231, 21),
(373, 700, 7),
(374, 372, 20),
(375, 65, 21),
(376, 691, 19),
(377, 251, 28),
(378, 192, 17),
(379, 341, 30),
(380, 117, 26),
(381, 574, 2),
(382, 464, 21),
(383, 565, 21),
(384, 317, 5),
(385, 675, 3),
(386, 516, 2),
(387, 173, 12),
(388, 404, 9),
(389, 43, 26),
(390, 397, 16),
(391, 271, 14),
(392, 741, 24),
(393, 212, 17),
(394, 526, 12),
(395, 240, 27),
(396, 275, 14),
(397, 328, 24),
(398, 290, 11),
(399, 592, 25),
(400, 599, 24),
(401, 669, 3),
(402, 106, 21),
(403, 540, 6),
(404, 636, 8),
(405, 544, 21),
(406, 296, 29),
(407, 201, 1),
(408, 345, 13),
(409, 253, 16),
(410, 111, 14),
(411, 654, 13),
(412, 419, 17),
(413, 71, 9),
(414, 611, 22),
(415, 166, 26),
(416, 406, 10),
(417, 255, 27),
(418, 201, 4),
(419, 420, 16),
(420, 444, 15),
(421, 308, 15),
(422, 588, 26),
(423, 22, 29),
(424, 111, 15),
(425, 380, 1),
(426, 337, 18),
(427, 450, 27),
(428, 293, 12),
(429, 597, 9),
(430, 659, 22),
(431, 15, 28),
(432, 375, 18),
(433, 43, 11),
(434, 425, 3),
(435, 604, 25),
(436, 120, 9),
(437, 146, 3),
(438, 4, 18),
(439, 242, 16),
(440, 134, 17),
(441, 486, 22),
(442, 106, 1),
(443, 752, 28),
(444, 668, 22),
(445, 501, 15),
(446, 154, 17),
(447, 100, 9),
(448, 611, 14),
(449, 36, 2),
(450, 40, 17),
(451, 575, 16),
(452, 754, 13),
(453, 411, 6),
(454, 592, 23),
(455, 696, 26),
(456, 757, 3),
(457, 262, 24),
(458, 554, 28),
(459, 443, 2),
(460, 432, 24),
(461, 401, 22),
(462, 588, 29),
(463, 392, 25),
(464, 487, 13),
(465, 395, 12),
(466, 346, 24),
(467, 73, 16),
(468, 547, 4),
(469, 538, 29),
(470, 505, 3),
(471, 532, 28),
(472, 742, 2),
(473, 631, 14),
(474, 667, 3),
(475, 166, 17),
(476, 227, 10),
(477, 125, 6),
(478, 511, 18),
(479, 590, 20),
(480, 451, 2),
(481, 45, 28),
(482, 279, 4),
(483, 126, 23),
(484, 496, 23),
(485, 606, 10),
(486, 733, 2),
(487, 312, 2),
(488, 416, 7),
(489, 78, 30),
(490, 163, 3),
(491, 400, 30),
(492, 92, 21),
(493, 620, 7),
(494, 350, 14),
(495, 276, 26),
(496, 541, 2),
(497, 421, 8),
(498, 640, 7),
(499, 401, 18),
(500, 359, 1),
(501, 43, 7),
(502, 291, 21),
(503, 312, 9),
(504, 475, 4),
(505, 474, 8),
(506, 290, 25),
(507, 49, 2),
(508, 613, 2),
(509, 698, 29),
(510, 636, 19),
(511, 69, 4),
(512, 108, 6),
(513, 29, 17),
(514, 498, 5),
(515, 262, 3),
(516, 5, 2),
(517, 376, 6),
(518, 697, 28),
(519, 399, 28),
(520, 466, 30),
(521, 52, 28),
(522, 366, 28),
(523, 354, 14),
(524, 297, 30),
(525, 250, 4),
(526, 444, 7),
(527, 708, 28),
(528, 514, 5),
(529, 157, 6),
(530, 284, 18),
(531, 222, 4),
(532, 81, 22),
(533, 55, 13),
(534, 578, 14),
(535, 131, 25),
(536, 612, 24),
(537, 305, 1),
(538, 137, 16),
(539, 210, 21),
(540, 341, 10),
(541, 238, 12),
(542, 658, 8),
(543, 785, 1),
(544, 670, 27),
(545, 91, 4),
(546, 329, 17),
(547, 563, 7),
(548, 506, 25),
(549, 517, 18),
(550, 43, 7),
(551, 291, 21),
(552, 312, 9),
(553, 475, 4),
(554, 474, 8),
(555, 290, 25),
(556, 49, 2),
(557, 613, 2),
(558, 698, 29),
(559, 636, 19),
(560, 69, 4),
(561, 108, 6),
(562, 29, 17),
(563, 498, 5),
(564, 262, 3),
(565, 5, 2),
(566, 376, 6),
(567, 697, 28),
(568, 399, 28),
(569, 466, 30),
(570, 52, 28),
(571, 366, 28),
(572, 354, 14),
(573, 297, 30),
(574, 250, 4),
(575, 444, 7),
(576, 708, 28),
(577, 514, 5),
(578, 157, 6),
(579, 284, 18),
(580, 222, 4),
(581, 81, 22),
(582, 55, 13),
(583, 578, 14),
(584, 131, 25),
(585, 612, 24),
(586, 305, 1),
(587, 137, 16),
(588, 210, 21),
(589, 341, 10),
(590, 238, 12),
(591, 658, 8),
(592, 785, 1),
(593, 670, 27),
(594, 91, 4),
(595, 329, 17),
(596, 563, 7),
(597, 506, 25),
(598, 517, 18),
(599, 225, 18),
(600, 774, 12),
(601, 530, 23),
(602, 611, 24),
(603, 190, 28),
(604, 769, 16),
(605, 36, 30),
(606, 24, 11),
(607, 610, 17),
(608, 640, 6),
(609, 611, 2),
(610, 527, 24),
(611, 55, 11),
(612, 466, 6),
(613, 403, 12),
(614, 43, 12),
(615, 566, 2),
(616, 726, 30),
(617, 325, 19),
(618, 648, 18),
(619, 625, 24),
(620, 748, 20),
(621, 544, 26),
(622, 163, 6),
(623, 320, 11),
(624, 638, 16),
(625, 510, 28),
(626, 602, 1),
(627, 575, 26),
(628, 794, 17),
(629, 331, 30),
(630, 591, 20),
(631, 120, 11),
(632, 210, 14),
(633, 249, 8),
(634, 424, 28),
(635, 161, 16),
(636, 597, 7),
(637, 516, 15),
(638, 282, 17),
(639, 133, 23),
(640, 631, 19),
(641, 135, 19),
(642, 51, 24),
(643, 15, 21),
(644, 173, 13),
(645, 131, 28),
(646, 599, 23),
(647, 80, 27),
(648, 528, 28),
(649, 47, 27),
(650, 165, 6),
(651, 169, 20),
(652, 511, 29),
(653, 313, 13),
(654, 367, 30),
(655, 601, 14),
(656, 77, 25),
(657, 11, 4),
(658, 558, 19),
(659, 372, 2),
(660, 368, 4),
(661, 674, 2),
(662, 334, 29),
(663, 125, 21),
(664, 568, 15),
(665, 514, 20),
(666, 74, 2),
(667, 790, 13),
(668, 714, 13),
(669, 122, 22),
(670, 660, 18),
(671, 203, 3),
(672, 65, 6),
(673, 633, 7),
(674, 396, 23),
(675, 138, 28),
(676, 560, 22),
(677, 775, 2),
(678, 406, 30),
(679, 367, 18),
(680, 32, 6),
(681, 581, 14),
(682, 160, 1),
(683, 629, 26),
(684, 169, 14),
(685, 295, 5),
(686, 756, 29),
(687, 37, 23),
(688, 64, 23),
(689, 163, 6),
(690, 658, 5),
(691, 198, 19),
(692, 423, 25),
(693, 472, 26),
(694, 436, 10),
(695, 580, 9),
(696, 610, 10),
(697, 240, 22),
(698, 431, 3),
(699, 649, 8),
(700, 13, 13),
(701, 657, 18),
(702, 709, 22),
(703, 125, 3),
(704, 737, 27),
(705, 82, 26),
(706, 433, 10),
(707, 317, 30),
(708, 644, 15),
(709, 111, 16),
(710, 568, 16),
(711, 99, 16),
(712, 371, 24),
(713, 516, 3),
(714, 647, 19),
(715, 227, 14),
(716, 417, 16),
(717, 680, 8),
(718, 20, 23),
(719, 256, 17),
(720, 39, 1),
(721, 534, 16),
(722, 402, 16),
(723, 689, 26),
(724, 301, 23),
(725, 785, 5),
(726, 411, 20),
(727, 783, 22),
(728, 42, 28),
(729, 162, 4),
(730, 200, 9),
(731, 552, 9),
(732, 577, 18),
(733, 269, 16),
(734, 331, 10),
(735, 138, 20),
(736, 274, 28),
(737, 289, 21),
(738, 107, 5),
(739, 201, 30),
(740, 718, 15),
(741, 309, 6),
(742, 272, 10),
(743, 123, 12),
(744, 278, 29),
(745, 344, 17),
(746, 749, 28),
(747, 153, 16),
(748, 49, 5),
(749, 349, 3),
(750, 677, 23),
(751, 53, 1),
(752, 36, 9),
(753, 207, 14),
(754, 620, 8),
(755, 623, 30),
(756, 161, 3),
(757, 95, 28),
(758, 778, 4),
(759, 84, 14),
(760, 615, 1),
(761, 422, 26),
(762, 25, 1),
(763, 361, 22),
(764, 686, 27),
(765, 452, 1),
(766, 25, 23),
(767, 434, 13),
(768, 211, 4),
(769, 540, 3),
(770, 556, 7),
(771, 98, 16),
(772, 214, 17),
(773, 452, 9),
(774, 628, 28),
(775, 193, 14),
(776, 106, 23),
(777, 31, 26),
(778, 127, 25),
(779, 117, 7),
(780, 5, 16),
(781, 594, 6),
(782, 253, 30),
(783, 160, 22),
(784, 10, 16),
(785, 651, 13),
(786, 124, 26),
(787, 13, 25),
(788, 468, 12),
(789, 733, 3),
(790, 85, 28),
(791, 233, 13),
(792, 159, 9),
(793, 800, 8),
(794, 232, 24),
(795, 753, 10),
(796, 524, 25),
(797, 630, 14),
(798, 24, 6),
(799, 535, 12),
(800, 472, 7),
(801, 616, 5),
(802, 170, 20),
(803, 539, 19),
(804, 5, 1),
(805, 131, 6),
(806, 535, 15),
(807, 449, 12),
(808, 562, 5),
(809, 17, 23),
(810, 51, 17),
(811, 178, 17),
(812, 306, 4),
(813, 277, 26),
(814, 486, 28),
(815, 253, 6),
(816, 557, 3),
(817, 683, 5),
(818, 266, 10),
(819, 752, 4),
(820, 13, 25),
(821, 786, 25),
(822, 397, 30),
(823, 22, 1),
(824, 727, 30),
(825, 781, 3),
(826, 704, 8),
(827, 475, 6),
(828, 530, 6),
(829, 466, 17),
(830, 286, 6),
(831, 723, 7),
(832, 89, 2),
(833, 672, 9),
(834, 26, 10),
(835, 761, 28),
(836, 749, 18),
(837, 146, 24),
(838, 235, 23),
(839, 274, 14),
(840, 56, 30),
(841, 312, 12),
(842, 482, 26),
(843, 727, 17),
(844, 721, 28),
(845, 17, 25),
(846, 527, 18),
(847, 408, 15),
(848, 228, 18),
(849, 117, 29),
(850, 5, 30),
(851, 246, 11),
(852, 283, 23),
(853, 274, 22),
(854, 682, 16),
(855, 260, 26),
(856, 197, 13),
(857, 524, 30),
(858, 761, 28),
(859, 483, 11),
(860, 634, 18),
(861, 332, 17),
(862, 97, 9),
(863, 595, 28),
(864, 698, 2),
(865, 327, 5),
(866, 321, 17),
(867, 645, 18),
(868, 66, 3),
(869, 723, 2),
(870, 377, 15),
(871, 437, 7),
(872, 495, 12),
(873, 794, 8),
(874, 693, 18),
(875, 661, 14),
(876, 608, 8),
(877, 182, 7),
(878, 431, 29),
(879, 705, 11),
(880, 37, 5),
(881, 469, 11),
(882, 230, 21),
(883, 630, 9),
(884, 668, 2),
(885, 92, 3),
(886, 766, 21),
(887, 19, 2),
(888, 568, 14),
(889, 537, 12),
(890, 73, 8),
(891, 732, 3),
(892, 393, 1),
(893, 82, 30),
(894, 488, 26),
(895, 464, 7),
(896, 323, 23),
(897, 230, 23),
(898, 567, 21),
(899, 710, 1),
(900, 412, 25),
(901, 356, 14),
(902, 722, 14),
(903, 792, 30),
(904, 391, 24),
(905, 623, 1),
(906, 591, 27),
(907, 313, 13),
(908, 237, 5),
(909, 305, 11),
(910, 291, 6),
(911, 652, 14),
(912, 727, 10),
(913, 427, 28),
(914, 796, 20),
(915, 11, 16),
(916, 777, 19),
(917, 55, 15),
(918, 419, 21),
(919, 487, 27),
(920, 142, 29),
(921, 231, 21),
(922, 700, 7),
(923, 372, 20),
(924, 65, 21),
(925, 691, 19),
(926, 251, 28),
(927, 192, 17),
(928, 341, 30),
(929, 117, 26),
(930, 574, 2),
(931, 464, 21),
(932, 565, 21),
(933, 317, 5),
(934, 675, 3),
(935, 516, 2),
(936, 173, 12),
(937, 404, 9),
(938, 43, 26),
(939, 397, 16),
(940, 271, 14),
(941, 741, 24),
(942, 212, 17),
(943, 526, 12),
(944, 240, 27),
(945, 275, 14),
(946, 328, 24),
(947, 290, 11),
(948, 592, 25),
(949, 599, 24),
(950, 669, 3),
(951, 106, 21),
(952, 540, 6),
(953, 636, 8),
(954, 544, 21),
(955, 296, 29),
(956, 201, 1),
(957, 345, 13),
(958, 253, 16),
(959, 111, 14),
(960, 654, 13),
(961, 419, 17),
(962, 71, 9),
(963, 611, 22),
(964, 166, 26),
(965, 406, 10),
(966, 255, 27),
(967, 201, 4),
(968, 420, 16),
(969, 444, 15),
(970, 308, 15),
(971, 588, 26),
(972, 22, 29),
(973, 111, 15),
(974, 380, 1),
(975, 337, 18),
(976, 450, 27),
(977, 293, 12),
(978, 597, 9),
(979, 659, 22),
(980, 15, 28),
(981, 375, 18),
(982, 43, 11),
(983, 425, 3),
(984, 604, 25),
(985, 120, 9),
(986, 146, 3),
(987, 4, 18),
(988, 242, 16),
(989, 134, 17),
(990, 486, 22),
(991, 106, 1),
(992, 752, 28),
(993, 668, 22),
(994, 501, 15),
(995, 154, 17),
(996, 100, 9),
(997, 611, 14),
(998, 36, 2),
(999, 40, 17),
(1000, 575, 16),
(1001, 754, 13),
(1002, 411, 6),
(1003, 592, 23),
(1004, 696, 26),
(1005, 757, 3),
(1006, 262, 24),
(1007, 554, 28),
(1008, 443, 2),
(1009, 432, 24),
(1010, 401, 22),
(1011, 588, 29),
(1012, 392, 25),
(1013, 487, 13),
(1014, 395, 12),
(1015, 346, 24),
(1016, 73, 16),
(1017, 547, 4),
(1018, 538, 29),
(1019, 505, 3),
(1020, 532, 28),
(1021, 742, 2),
(1022, 631, 14),
(1023, 667, 3),
(1024, 166, 17),
(1025, 227, 10),
(1026, 125, 6),
(1027, 511, 18),
(1028, 590, 20),
(1029, 451, 2),
(1030, 45, 28),
(1031, 279, 4),
(1032, 126, 23),
(1033, 496, 23),
(1034, 606, 10),
(1035, 733, 2),
(1036, 312, 2),
(1037, 416, 7),
(1038, 78, 30),
(1039, 163, 3),
(1040, 400, 30),
(1041, 92, 21),
(1042, 620, 7),
(1043, 350, 14),
(1044, 276, 26),
(1045, 541, 2),
(1046, 421, 8),
(1047, 640, 7),
(1048, 401, 18),
(1049, 359, 1);


insert into reservation_preorder (reservationID, menu_itemID) values (428, 3);
insert into reservation_preorder (reservationID, menu_itemID) values (325, 32);
insert into reservation_preorder (reservationID, menu_itemID) values (354, 36);
insert into reservation_preorder (reservationID, menu_itemID) values (587, 29);
insert into reservation_preorder (reservationID, menu_itemID) values (304, 1);
insert into reservation_preorder (reservationID, menu_itemID) values (638, 45);
insert into reservation_preorder (reservationID, menu_itemID) values (322, 12);
insert into reservation_preorder (reservationID, menu_itemID) values (776, 6);
insert into reservation_preorder (reservationID, menu_itemID) values (31, 29);
insert into reservation_preorder (reservationID, menu_itemID) values (642, 4);
insert into reservation_preorder (reservationID, menu_itemID) values (557, 20);
insert into reservation_preorder (reservationID, menu_itemID) values (464, 4);
insert into reservation_preorder (reservationID, menu_itemID) values (340, 67);
insert into reservation_preorder (reservationID, menu_itemID) values (668, 67);
insert into reservation_preorder (reservationID, menu_itemID) values (493, 59);
insert into reservation_preorder (reservationID, menu_itemID) values (532, 17);
insert into reservation_preorder (reservationID, menu_itemID) values (411, 6);
insert into reservation_preorder (reservationID, menu_itemID) values (94, 61);
insert into reservation_preorder (reservationID, menu_itemID) values (684, 21);
insert into reservation_preorder (reservationID, menu_itemID) values (632, 45);
insert into reservation_preorder (reservationID, menu_itemID) values (361, 47);
insert into reservation_preorder (reservationID, menu_itemID) values (258, 63);
insert into reservation_preorder (reservationID, menu_itemID) values (683, 41);
insert into reservation_preorder (reservationID, menu_itemID) values (422, 35);
insert into reservation_preorder (reservationID, menu_itemID) values (736, 54);
insert into reservation_preorder (reservationID, menu_itemID) values (275, 50);
insert into reservation_preorder (reservationID, menu_itemID) values (520, 23);
insert into reservation_preorder (reservationID, menu_itemID) values (767, 29);
insert into reservation_preorder (reservationID, menu_itemID) values (138, 59);
insert into reservation_preorder (reservationID, menu_itemID) values (31, 24);
insert into reservation_preorder (reservationID, menu_itemID) values (513, 4);
insert into reservation_preorder (reservationID, menu_itemID) values (157, 37);
insert into reservation_preorder (reservationID, menu_itemID) values (450, 68);
insert into reservation_preorder (reservationID, menu_itemID) values (111, 17);
insert into reservation_preorder (reservationID, menu_itemID) values (525, 61);
insert into reservation_preorder (reservationID, menu_itemID) values (213, 63);
insert into reservation_preorder (reservationID, menu_itemID) values (641, 25);
insert into reservation_preorder (reservationID, menu_itemID) values (693, 59);
insert into reservation_preorder (reservationID, menu_itemID) values (297, 51);
insert into reservation_preorder (reservationID, menu_itemID) values (604, 33);
insert into reservation_preorder (reservationID, menu_itemID) values (176, 48);
insert into reservation_preorder (reservationID, menu_itemID) values (123, 17);
insert into reservation_preorder (reservationID, menu_itemID) values (675, 6);
insert into reservation_preorder (reservationID, menu_itemID) values (797, 69);
insert into reservation_preorder (reservationID, menu_itemID) values (293, 49);
insert into reservation_preorder (reservationID, menu_itemID) values (205, 20);
insert into reservation_preorder (reservationID, menu_itemID) values (163, 50);
insert into reservation_preorder (reservationID, menu_itemID) values (6, 56);
insert into reservation_preorder (reservationID, menu_itemID) values (10, 53);
insert into reservation_preorder (reservationID, menu_itemID) values (686, 4);
insert into reservation_preorder (reservationID, menu_itemID) values (166, 34);
insert into reservation_preorder (reservationID, menu_itemID) values (384, 16);
insert into reservation_preorder (reservationID, menu_itemID) values (236, 9);
insert into reservation_preorder (reservationID, menu_itemID) values (540, 69);
insert into reservation_preorder (reservationID, menu_itemID) values (39, 21);
insert into reservation_preorder (reservationID, menu_itemID) values (614, 18);
insert into reservation_preorder (reservationID, menu_itemID) values (43, 1);
insert into reservation_preorder (reservationID, menu_itemID) values (485, 44);
insert into reservation_preorder (reservationID, menu_itemID) values (186, 11);
insert into reservation_preorder (reservationID, menu_itemID) values (418, 5);
insert into reservation_preorder (reservationID, menu_itemID) values (551, 27);
insert into reservation_preorder (reservationID, menu_itemID) values (129, 13);
insert into reservation_preorder (reservationID, menu_itemID) values (88, 28);
insert into reservation_preorder (reservationID, menu_itemID) values (413, 51);
insert into reservation_preorder (reservationID, menu_itemID) values (631, 39);
insert into reservation_preorder (reservationID, menu_itemID) values (415, 52);
insert into reservation_preorder (reservationID, menu_itemID) values (518, 59);
insert into reservation_preorder (reservationID, menu_itemID) values (508, 53);
insert into reservation_preorder (reservationID, menu_itemID) values (458, 63);
insert into reservation_preorder (reservationID, menu_itemID) values (751, 24);
insert into reservation_preorder (reservationID, menu_itemID) values (190, 19);
insert into reservation_preorder (reservationID, menu_itemID) values (265, 11);
insert into reservation_preorder (reservationID, menu_itemID) values (161, 45);
insert into reservation_preorder (reservationID, menu_itemID) values (566, 53);
insert into reservation_preorder (reservationID, menu_itemID) values (665, 27);
insert into reservation_preorder (reservationID, menu_itemID) values (555, 68);
insert into reservation_preorder (reservationID, menu_itemID) values (364, 4);
insert into reservation_preorder (reservationID, menu_itemID) values (479, 67);
insert into reservation_preorder (reservationID, menu_itemID) values (374, 26);
insert into reservation_preorder (reservationID, menu_itemID) values (723, 37);
insert into reservation_preorder (reservationID, menu_itemID) values (505, 59);
insert into reservation_preorder (reservationID, menu_itemID) values (98, 42);
insert into reservation_preorder (reservationID, menu_itemID) values (201, 41);
insert into reservation_preorder (reservationID, menu_itemID) values (87, 1);
insert into reservation_preorder (reservationID, menu_itemID) values (489, 37);
insert into reservation_preorder (reservationID, menu_itemID) values (448, 58);
insert into reservation_preorder (reservationID, menu_itemID) values (597, 14);
insert into reservation_preorder (reservationID, menu_itemID) values (337, 52);
insert into reservation_preorder (reservationID, menu_itemID) values (430, 35);
insert into reservation_preorder (reservationID, menu_itemID) values (131, 20);
insert into reservation_preorder (reservationID, menu_itemID) values (748, 41);
insert into reservation_preorder (reservationID, menu_itemID) values (521, 69);
insert into reservation_preorder (reservationID, menu_itemID) values (201, 52);
insert into reservation_preorder (reservationID, menu_itemID) values (234, 32);
insert into reservation_preorder (reservationID, menu_itemID) values (620, 47);
insert into reservation_preorder (reservationID, menu_itemID) values (750, 58);
insert into reservation_preorder (reservationID, menu_itemID) values (94, 31);
insert into reservation_preorder (reservationID, menu_itemID) values (614, 12);
insert into reservation_preorder (reservationID, menu_itemID) values (245, 31);
insert into reservation_preorder (reservationID, menu_itemID) values (623, 9);
insert into reservation_preorder (reservationID, menu_itemID) values (405, 38);
insert into reservation_preorder (reservationID, menu_itemID) values (770, 54);
insert into reservation_preorder (reservationID, menu_itemID) values (194, 64);
insert into reservation_preorder (reservationID, menu_itemID) values (21, 36);
insert into reservation_preorder (reservationID, menu_itemID) values (30, 34);
insert into reservation_preorder (reservationID, menu_itemID) values (382, 38);
insert into reservation_preorder (reservationID, menu_itemID) values (687, 69);
insert into reservation_preorder (reservationID, menu_itemID) values (656, 17);
insert into reservation_preorder (reservationID, menu_itemID) values (763, 24);
insert into reservation_preorder (reservationID, menu_itemID) values (44, 33);
insert into reservation_preorder (reservationID, menu_itemID) values (211, 4);
insert into reservation_preorder (reservationID, menu_itemID) values (40, 68);
insert into reservation_preorder (reservationID, menu_itemID) values (468, 18);
insert into reservation_preorder (reservationID, menu_itemID) values (282, 39);
insert into reservation_preorder (reservationID, menu_itemID) values (164, 45);
insert into reservation_preorder (reservationID, menu_itemID) values (75, 29);
insert into reservation_preorder (reservationID, menu_itemID) values (158, 45);
insert into reservation_preorder (reservationID, menu_itemID) values (718, 28);
insert into reservation_preorder (reservationID, menu_itemID) values (134, 34);
insert into reservation_preorder (reservationID, menu_itemID) values (672, 60);
insert into reservation_preorder (reservationID, menu_itemID) values (401, 61);
insert into reservation_preorder (reservationID, menu_itemID) values (391, 20);
insert into reservation_preorder (reservationID, menu_itemID) values (245, 47);
insert into reservation_preorder (reservationID, menu_itemID) values (656, 51);
insert into reservation_preorder (reservationID, menu_itemID) values (166, 8);
insert into reservation_preorder (reservationID, menu_itemID) values (421, 5);
insert into reservation_preorder (reservationID, menu_itemID) values (152, 30);
insert into reservation_preorder (reservationID, menu_itemID) values (710, 1);
insert into reservation_preorder (reservationID, menu_itemID) values (280, 43);
insert into reservation_preorder (reservationID, menu_itemID) values (431, 5);
insert into reservation_preorder (reservationID, menu_itemID) values (596, 37);
insert into reservation_preorder (reservationID, menu_itemID) values (569, 26);
insert into reservation_preorder (reservationID, menu_itemID) values (328, 6);
insert into reservation_preorder (reservationID, menu_itemID) values (376, 24);
insert into reservation_preorder (reservationID, menu_itemID) values (533, 6);
insert into reservation_preorder (reservationID, menu_itemID) values (39, 4);
insert into reservation_preorder (reservationID, menu_itemID) values (257, 3);
insert into reservation_preorder (reservationID, menu_itemID) values (120, 16);
insert into reservation_preorder (reservationID, menu_itemID) values (376, 14);
insert into reservation_preorder (reservationID, menu_itemID) values (64, 67);
insert into reservation_preorder (reservationID, menu_itemID) values (657, 60);
insert into reservation_preorder (reservationID, menu_itemID) values (42, 40);
insert into reservation_preorder (reservationID, menu_itemID) values (190, 29);
insert into reservation_preorder (reservationID, menu_itemID) values (267, 33);
insert into reservation_preorder (reservationID, menu_itemID) values (492, 19);
insert into reservation_preorder (reservationID, menu_itemID) values (306, 70);
insert into reservation_preorder (reservationID, menu_itemID) values (595, 18);
insert into reservation_preorder (reservationID, menu_itemID) values (564, 38);
insert into reservation_preorder (reservationID, menu_itemID) values (758, 39);
insert into reservation_preorder (reservationID, menu_itemID) values (441, 60);
insert into reservation_preorder (reservationID, menu_itemID) values (209, 6);
insert into reservation_preorder (reservationID, menu_itemID) values (291, 21);
insert into reservation_preorder (reservationID, menu_itemID) values (600, 63);
insert into reservation_preorder (reservationID, menu_itemID) values (233, 61);
insert into reservation_preorder (reservationID, menu_itemID) values (149, 14);
insert into reservation_preorder (reservationID, menu_itemID) values (612, 61);
insert into reservation_preorder (reservationID, menu_itemID) values (184, 43);
insert into reservation_preorder (reservationID, menu_itemID) values (168, 16);
insert into reservation_preorder (reservationID, menu_itemID) values (18, 21);
insert into reservation_preorder (reservationID, menu_itemID) values (342, 61);
insert into reservation_preorder (reservationID, menu_itemID) values (525, 46);
insert into reservation_preorder (reservationID, menu_itemID) values (586, 18);
insert into reservation_preorder (reservationID, menu_itemID) values (340, 66);
insert into reservation_preorder (reservationID, menu_itemID) values (165, 29);
insert into reservation_preorder (reservationID, menu_itemID) values (144, 68);
insert into reservation_preorder (reservationID, menu_itemID) values (389, 58);
insert into reservation_preorder (reservationID, menu_itemID) values (149, 58);
insert into reservation_preorder (reservationID, menu_itemID) values (143, 25);
insert into reservation_preorder (reservationID, menu_itemID) values (97, 60);
insert into reservation_preorder (reservationID, menu_itemID) values (87, 46);
insert into reservation_preorder (reservationID, menu_itemID) values (752, 45);
insert into reservation_preorder (reservationID, menu_itemID) values (112, 60);
insert into reservation_preorder (reservationID, menu_itemID) values (688, 3);
insert into reservation_preorder (reservationID, menu_itemID) values (165, 62);
insert into reservation_preorder (reservationID, menu_itemID) values (165, 68);
insert into reservation_preorder (reservationID, menu_itemID) values (245, 59);
insert into reservation_preorder (reservationID, menu_itemID) values (245, 43);
insert into reservation_preorder (reservationID, menu_itemID) values (244, 16);
insert into reservation_preorder (reservationID, menu_itemID) values (257, 18);
insert into reservation_preorder (reservationID, menu_itemID) values (3, 69);
insert into reservation_preorder (reservationID, menu_itemID) values (650, 60);
insert into reservation_preorder (reservationID, menu_itemID) values (60, 20);
insert into reservation_preorder (reservationID, menu_itemID) values (510, 50);
insert into reservation_preorder (reservationID, menu_itemID) values (356, 58);
insert into reservation_preorder (reservationID, menu_itemID) values (715, 53);
insert into reservation_preorder (reservationID, menu_itemID) values (699, 27);
insert into reservation_preorder (reservationID, menu_itemID) values (686, 68);
insert into reservation_preorder (reservationID, menu_itemID) values (375, 20);
insert into reservation_preorder (reservationID, menu_itemID) values (379, 43);
insert into reservation_preorder (reservationID, menu_itemID) values (152, 54);
insert into reservation_preorder (reservationID, menu_itemID) values (694, 20);
insert into reservation_preorder (reservationID, menu_itemID) values (545, 46);
insert into reservation_preorder (reservationID, menu_itemID) values (425, 19);
insert into reservation_preorder (reservationID, menu_itemID) values (619, 5);
insert into reservation_preorder (reservationID, menu_itemID) values (279, 22);
insert into reservation_preorder (reservationID, menu_itemID) values (794, 70);
insert into reservation_preorder (reservationID, menu_itemID) values (104, 14);
insert into reservation_preorder (reservationID, menu_itemID) values (197, 34);
insert into reservation_preorder (reservationID, menu_itemID) values (565, 45);
insert into reservation_preorder (reservationID, menu_itemID) values (402, 1);
insert into reservation_preorder (reservationID, menu_itemID) values (505, 38);
insert into reservation_preorder (reservationID, menu_itemID) values (49, 23);
insert into reservation_preorder (reservationID, menu_itemID) values (344, 26);
insert into reservation_preorder (reservationID, menu_itemID) values (388, 69);
insert into reservation_preorder (reservationID, menu_itemID) values (143, 36);
insert into reservation_preorder (reservationID, menu_itemID) values (167, 32);
insert into reservation_preorder (reservationID, menu_itemID) values (71, 24);
insert into reservation_preorder (reservationID, menu_itemID) values (369, 9);
insert into reservation_preorder (reservationID, menu_itemID) values (395, 11);
insert into reservation_preorder (reservationID, menu_itemID) values (534, 22);
insert into reservation_preorder (reservationID, menu_itemID) values (506, 44);
insert into reservation_preorder (reservationID, menu_itemID) values (547, 66);
insert into reservation_preorder (reservationID, menu_itemID) values (600, 51);
insert into reservation_preorder (reservationID, menu_itemID) values (252, 63);
insert into reservation_preorder (reservationID, menu_itemID) values (238, 14);
insert into reservation_preorder (reservationID, menu_itemID) values (338, 68);
insert into reservation_preorder (reservationID, menu_itemID) values (515, 42);
insert into reservation_preorder (reservationID, menu_itemID) values (732, 46);
insert into reservation_preorder (reservationID, menu_itemID) values (50, 26);
insert into reservation_preorder (reservationID, menu_itemID) values (778, 25);
insert into reservation_preorder (reservationID, menu_itemID) values (197, 2);
insert into reservation_preorder (reservationID, menu_itemID) values (696, 24);
insert into reservation_preorder (reservationID, menu_itemID) values (175, 52);
insert into reservation_preorder (reservationID, menu_itemID) values (287, 56);
insert into reservation_preorder (reservationID, menu_itemID) values (714, 23);
insert into reservation_preorder (reservationID, menu_itemID) values (529, 65);
insert into reservation_preorder (reservationID, menu_itemID) values (434, 69);
insert into reservation_preorder (reservationID, menu_itemID) values (589, 14);
insert into reservation_preorder (reservationID, menu_itemID) values (772, 52);
insert into reservation_preorder (reservationID, menu_itemID) values (607, 43);
insert into reservation_preorder (reservationID, menu_itemID) values (533, 28);
insert into reservation_preorder (reservationID, menu_itemID) values (27, 61);
insert into reservation_preorder (reservationID, menu_itemID) values (167, 45);
insert into reservation_preorder (reservationID, menu_itemID) values (301, 40);
insert into reservation_preorder (reservationID, menu_itemID) values (613, 59);
insert into reservation_preorder (reservationID, menu_itemID) values (276, 59);
insert into reservation_preorder (reservationID, menu_itemID) values (331, 47);
insert into reservation_preorder (reservationID, menu_itemID) values (774, 23);
insert into reservation_preorder (reservationID, menu_itemID) values (774, 36);
insert into reservation_preorder (reservationID, menu_itemID) values (482, 31);
insert into reservation_preorder (reservationID, menu_itemID) values (76, 51);
insert into reservation_preorder (reservationID, menu_itemID) values (559, 9);
insert into reservation_preorder (reservationID, menu_itemID) values (595, 25);
insert into reservation_preorder (reservationID, menu_itemID) values (216, 13);
insert into reservation_preorder (reservationID, menu_itemID) values (258, 33);
insert into reservation_preorder (reservationID, menu_itemID) values (475, 58);
insert into reservation_preorder (reservationID, menu_itemID) values (229, 10);
insert into reservation_preorder (reservationID, menu_itemID) values (146, 22);
insert into reservation_preorder (reservationID, menu_itemID) values (641, 68);
insert into reservation_preorder (reservationID, menu_itemID) values (692, 21);
insert into reservation_preorder (reservationID, menu_itemID) values (481, 40);
insert into reservation_preorder (reservationID, menu_itemID) values (725, 52);
insert into reservation_preorder (reservationID, menu_itemID) values (501, 52);
insert into reservation_preorder (reservationID, menu_itemID) values (413, 42);
insert into reservation_preorder (reservationID, menu_itemID) values (421, 55);
insert into reservation_preorder (reservationID, menu_itemID) values (670, 34);
insert into reservation_preorder (reservationID, menu_itemID) values (705, 24);
insert into reservation_preorder (reservationID, menu_itemID) values (149, 33);
insert into reservation_preorder (reservationID, menu_itemID) values (207, 69);
insert into reservation_preorder (reservationID, menu_itemID) values (793, 61);
insert into reservation_preorder (reservationID, menu_itemID) values (420, 30);
insert into reservation_preorder (reservationID, menu_itemID) values (737, 58);
insert into reservation_preorder (reservationID, menu_itemID) values (108, 13);
insert into reservation_preorder (reservationID, menu_itemID) values (344, 9);
insert into reservation_preorder (reservationID, menu_itemID) values (278, 66);
insert into reservation_preorder (reservationID, menu_itemID) values (464, 48);
insert into reservation_preorder (reservationID, menu_itemID) values (538, 27);
insert into reservation_preorder (reservationID, menu_itemID) values (212, 22);
insert into reservation_preorder (reservationID, menu_itemID) values (743, 17);
insert into reservation_preorder (reservationID, menu_itemID) values (378, 16);
insert into reservation_preorder (reservationID, menu_itemID) values (50, 65);
insert into reservation_preorder (reservationID, menu_itemID) values (372, 55);
insert into reservation_preorder (reservationID, menu_itemID) values (800, 34);
insert into reservation_preorder (reservationID, menu_itemID) values (189, 44);
insert into reservation_preorder (reservationID, menu_itemID) values (634, 17);
insert into reservation_preorder (reservationID, menu_itemID) values (201, 4);
insert into reservation_preorder (reservationID, menu_itemID) values (579, 50);
insert into reservation_preorder (reservationID, menu_itemID) values (432, 5);
insert into reservation_preorder (reservationID, menu_itemID) values (626, 28);
insert into reservation_preorder (reservationID, menu_itemID) values (573, 46);
insert into reservation_preorder (reservationID, menu_itemID) values (385, 70);
insert into reservation_preorder (reservationID, menu_itemID) values (234, 44);
insert into reservation_preorder (reservationID, menu_itemID) values (429, 60);
insert into reservation_preorder (reservationID, menu_itemID) values (591, 46);
insert into reservation_preorder (reservationID, menu_itemID) values (520, 23);
insert into reservation_preorder (reservationID, menu_itemID) values (65, 57);
insert into reservation_preorder (reservationID, menu_itemID) values (243, 24);
insert into reservation_preorder (reservationID, menu_itemID) values (645, 3);
insert into reservation_preorder (reservationID, menu_itemID) values (58, 11);
insert into reservation_preorder (reservationID, menu_itemID) values (327, 21);
insert into reservation_preorder (reservationID, menu_itemID) values (219, 24);
insert into reservation_preorder (reservationID, menu_itemID) values (248, 14);
insert into reservation_preorder (reservationID, menu_itemID) values (180, 66);
insert into reservation_preorder (reservationID, menu_itemID) values (413, 2);
insert into reservation_preorder (reservationID, menu_itemID) values (128, 35);
insert into reservation_preorder (reservationID, menu_itemID) values (156, 24);
insert into reservation_preorder (reservationID, menu_itemID) values (184, 51);
insert into reservation_preorder (reservationID, menu_itemID) values (233, 6);
insert into reservation_preorder (reservationID, menu_itemID) values (665, 3);
insert into reservation_preorder (reservationID, menu_itemID) values (246, 55);
insert into reservation_preorder (reservationID, menu_itemID) values (81, 69);
insert into reservation_preorder (reservationID, menu_itemID) values (19, 1);
insert into reservation_preorder (reservationID, menu_itemID) values (323, 8);
insert into reservation_preorder (reservationID, menu_itemID) values (357, 5);
insert into reservation_preorder (reservationID, menu_itemID) values (305, 32);
insert into reservation_preorder (reservationID, menu_itemID) values (252, 46);
insert into reservation_preorder (reservationID, menu_itemID) values (253, 39);
insert into reservation_preorder (reservationID, menu_itemID) values (615, 3);
insert into reservation_preorder (reservationID, menu_itemID) values (159, 7);
insert into reservation_preorder (reservationID, menu_itemID) values (517, 6);
insert into reservation_preorder (reservationID, menu_itemID) values (77, 44);
insert into reservation_preorder (reservationID, menu_itemID) values (774, 45);
insert into reservation_preorder (reservationID, menu_itemID) values (499, 38);
insert into reservation_preorder (reservationID, menu_itemID) values (536, 32);
insert into reservation_preorder (reservationID, menu_itemID) values (394, 32);
insert into reservation_preorder (reservationID, menu_itemID) values (390, 10);
insert into reservation_preorder (reservationID, menu_itemID) values (252, 44);
insert into reservation_preorder (reservationID, menu_itemID) values (426, 25);
insert into reservation_preorder (reservationID, menu_itemID) values (436, 48);
insert into reservation_preorder (reservationID, menu_itemID) values (294, 33);
insert into reservation_preorder (reservationID, menu_itemID) values (580, 49);
insert into reservation_preorder (reservationID, menu_itemID) values (637, 26);
insert into reservation_preorder (reservationID, menu_itemID) values (130, 1);
insert into reservation_preorder (reservationID, menu_itemID) values (735, 4);
insert into reservation_preorder (reservationID, menu_itemID) values (55, 63);
insert into reservation_preorder (reservationID, menu_itemID) values (610, 59);
insert into reservation_preorder (reservationID, menu_itemID) values (792, 2);
insert into reservation_preorder (reservationID, menu_itemID) values (232, 66);
insert into reservation_preorder (reservationID, menu_itemID) values (670, 58);
insert into reservation_preorder (reservationID, menu_itemID) values (686, 48);
insert into reservation_preorder (reservationID, menu_itemID) values (706, 62);
insert into reservation_preorder (reservationID, menu_itemID) values (67, 54);
insert into reservation_preorder (reservationID, menu_itemID) values (294, 40);
insert into reservation_preorder (reservationID, menu_itemID) values (622, 11);
insert into reservation_preorder (reservationID, menu_itemID) values (716, 18);
insert into reservation_preorder (reservationID, menu_itemID) values (88, 34);
insert into reservation_preorder (reservationID, menu_itemID) values (737, 41);
insert into reservation_preorder (reservationID, menu_itemID) values (640, 64);
insert into reservation_preorder (reservationID, menu_itemID) values (366, 53);
insert into reservation_preorder (reservationID, menu_itemID) values (634, 33);
insert into reservation_preorder (reservationID, menu_itemID) values (70, 60);
insert into reservation_preorder (reservationID, menu_itemID) values (440, 62);
insert into reservation_preorder (reservationID, menu_itemID) values (462, 34);
insert into reservation_preorder (reservationID, menu_itemID) values (257, 54);
insert into reservation_preorder (reservationID, menu_itemID) values (417, 23);
insert into reservation_preorder (reservationID, menu_itemID) values (483, 13);
insert into reservation_preorder (reservationID, menu_itemID) values (478, 57);
insert into reservation_preorder (reservationID, menu_itemID) values (138, 35);
insert into reservation_preorder (reservationID, menu_itemID) values (653, 6);
insert into reservation_preorder (reservationID, menu_itemID) values (282, 39);
insert into reservation_preorder (reservationID, menu_itemID) values (327, 31);
insert into reservation_preorder (reservationID, menu_itemID) values (296, 6);
insert into reservation_preorder (reservationID, menu_itemID) values (604, 43);
insert into reservation_preorder (reservationID, menu_itemID) values (294, 53);
insert into reservation_preorder (reservationID, menu_itemID) values (426, 31);
insert into reservation_preorder (reservationID, menu_itemID) values (798, 28);
insert into reservation_preorder (reservationID, menu_itemID) values (677, 43);
insert into reservation_preorder (reservationID, menu_itemID) values (325, 42);
insert into reservation_preorder (reservationID, menu_itemID) values (29, 64);
insert into reservation_preorder (reservationID, menu_itemID) values (369, 50);
insert into reservation_preorder (reservationID, menu_itemID) values (209, 45);
insert into reservation_preorder (reservationID, menu_itemID) values (383, 20);
insert into reservation_preorder (reservationID, menu_itemID) values (589, 56);
insert into reservation_preorder (reservationID, menu_itemID) values (153, 54);
insert into reservation_preorder (reservationID, menu_itemID) values (412, 13);
insert into reservation_preorder (reservationID, menu_itemID) values (800, 41);
insert into reservation_preorder (reservationID, menu_itemID) values (704, 8);
insert into reservation_preorder (reservationID, menu_itemID) values (127, 69);
insert into reservation_preorder (reservationID, menu_itemID) values (567, 9);
insert into reservation_preorder (reservationID, menu_itemID) values (699, 56);
insert into reservation_preorder (reservationID, menu_itemID) values (721, 47);
insert into reservation_preorder (reservationID, menu_itemID) values (194, 11);
insert into reservation_preorder (reservationID, menu_itemID) values (792, 66);
insert into reservation_preorder (reservationID, menu_itemID) values (183, 1);
insert into reservation_preorder (reservationID, menu_itemID) values (186, 48);
insert into reservation_preorder (reservationID, menu_itemID) values (336, 58);
insert into reservation_preorder (reservationID, menu_itemID) values (155, 10);
insert into reservation_preorder (reservationID, menu_itemID) values (181, 32);
insert into reservation_preorder (reservationID, menu_itemID) values (70, 14);
insert into reservation_preorder (reservationID, menu_itemID) values (406, 2);
insert into reservation_preorder (reservationID, menu_itemID) values (757, 55);
insert into reservation_preorder (reservationID, menu_itemID) values (231, 20);
insert into reservation_preorder (reservationID, menu_itemID) values (404, 20);
insert into reservation_preorder (reservationID, menu_itemID) values (642, 41);
insert into reservation_preorder (reservationID, menu_itemID) values (459, 23);
insert into reservation_preorder (reservationID, menu_itemID) values (782, 4);
insert into reservation_preorder (reservationID, menu_itemID) values (209, 35);
insert into reservation_preorder (reservationID, menu_itemID) values (455, 42);
insert into reservation_preorder (reservationID, menu_itemID) values (558, 51);
insert into reservation_preorder (reservationID, menu_itemID) values (107, 8);
insert into reservation_preorder (reservationID, menu_itemID) values (485, 19);
insert into reservation_preorder (reservationID, menu_itemID) values (606, 26);
insert into reservation_preorder (reservationID, menu_itemID) values (22, 31);
insert into reservation_preorder (reservationID, menu_itemID) values (646, 44);
insert into reservation_preorder (reservationID, menu_itemID) values (780, 59);
insert into reservation_preorder (reservationID, menu_itemID) values (742, 34);
insert into reservation_preorder (reservationID, menu_itemID) values (348, 42);
insert into reservation_preorder (reservationID, menu_itemID) values (642, 62);
insert into reservation_preorder (reservationID, menu_itemID) values (656, 23);
insert into reservation_preorder (reservationID, menu_itemID) values (722, 57);
insert into reservation_preorder (reservationID, menu_itemID) values (742, 45);
insert into reservation_preorder (reservationID, menu_itemID) values (634, 22);
insert into reservation_preorder (reservationID, menu_itemID) values (271, 38);
insert into reservation_preorder (reservationID, menu_itemID) values (702, 65);
insert into reservation_preorder (reservationID, menu_itemID) values (77, 65);
insert into reservation_preorder (reservationID, menu_itemID) values (54, 67);
insert into reservation_preorder (reservationID, menu_itemID) values (188, 67);
insert into reservation_preorder (reservationID, menu_itemID) values (453, 33);
insert into reservation_preorder (reservationID, menu_itemID) values (123, 18);
insert into reservation_preorder (reservationID, menu_itemID) values (377, 29);
insert into reservation_preorder (reservationID, menu_itemID) values (611, 29);
insert into reservation_preorder (reservationID, menu_itemID) values (719, 60);
insert into reservation_preorder (reservationID, menu_itemID) values (271, 56);
insert into reservation_preorder (reservationID, menu_itemID) values (796, 67);
insert into reservation_preorder (reservationID, menu_itemID) values (179, 39);
insert into reservation_preorder (reservationID, menu_itemID) values (570, 53);
insert into reservation_preorder (reservationID, menu_itemID) values (668, 23);
insert into reservation_preorder (reservationID, menu_itemID) values (421, 22);
insert into reservation_preorder (reservationID, menu_itemID) values (274, 3);
insert into reservation_preorder (reservationID, menu_itemID) values (217, 13);
insert into reservation_preorder (reservationID, menu_itemID) values (81, 16);
insert into reservation_preorder (reservationID, menu_itemID) values (538, 38);
insert into reservation_preorder (reservationID, menu_itemID) values (403, 20);
insert into reservation_preorder (reservationID, menu_itemID) values (335, 41);
insert into reservation_preorder (reservationID, menu_itemID) values (340, 19);
insert into reservation_preorder (reservationID, menu_itemID) values (26, 11);
insert into reservation_preorder (reservationID, menu_itemID) values (464, 17);
insert into reservation_preorder (reservationID, menu_itemID) values (504, 10);
insert into reservation_preorder (reservationID, menu_itemID) values (720, 36);
insert into reservation_preorder (reservationID, menu_itemID) values (715, 48);
insert into reservation_preorder (reservationID, menu_itemID) values (755, 69);
insert into reservation_preorder (reservationID, menu_itemID) values (402, 59);
insert into reservation_preorder (reservationID, menu_itemID) values (429, 66);
insert into reservation_preorder (reservationID, menu_itemID) values (784, 38);
insert into reservation_preorder (reservationID, menu_itemID) values (5, 15);
insert into reservation_preorder (reservationID, menu_itemID) values (259, 66);
insert into reservation_preorder (reservationID, menu_itemID) values (715, 15);
insert into reservation_preorder (reservationID, menu_itemID) values (340, 5);
insert into reservation_preorder (reservationID, menu_itemID) values (797, 9);
insert into reservation_preorder (reservationID, menu_itemID) values (97, 19);
insert into reservation_preorder (reservationID, menu_itemID) values (555, 65);
insert into reservation_preorder (reservationID, menu_itemID) values (792, 11);
insert into reservation_preorder (reservationID, menu_itemID) values (594, 59);
insert into reservation_preorder (reservationID, menu_itemID) values (53, 9);
insert into reservation_preorder (reservationID, menu_itemID) values (163, 12);
insert into reservation_preorder (reservationID, menu_itemID) values (74, 67);
insert into reservation_preorder (reservationID, menu_itemID) values (290, 56);
insert into reservation_preorder (reservationID, menu_itemID) values (213, 64);
insert into reservation_preorder (reservationID, menu_itemID) values (147, 45);
insert into reservation_preorder (reservationID, menu_itemID) values (287, 49);
insert into reservation_preorder (reservationID, menu_itemID) values (537, 26);
insert into reservation_preorder (reservationID, menu_itemID) values (478, 4);
insert into reservation_preorder (reservationID, menu_itemID) values (184, 20);
insert into reservation_preorder (reservationID, menu_itemID) values (339, 56);
insert into reservation_preorder (reservationID, menu_itemID) values (103, 34);
insert into reservation_preorder (reservationID, menu_itemID) values (789, 68);
insert into reservation_preorder (reservationID, menu_itemID) values (500, 39);
insert into reservation_preorder (reservationID, menu_itemID) values (570, 20);
insert into reservation_preorder (reservationID, menu_itemID) values (123, 47);
insert into reservation_preorder (reservationID, menu_itemID) values (436, 61);
insert into reservation_preorder (reservationID, menu_itemID) values (661, 3);
insert into reservation_preorder (reservationID, menu_itemID) values (622, 70);
insert into reservation_preorder (reservationID, menu_itemID) values (457, 29);
insert into reservation_preorder (reservationID, menu_itemID) values (800, 6);
insert into reservation_preorder (reservationID, menu_itemID) values (731, 52);
insert into reservation_preorder (reservationID, menu_itemID) values (46, 21);
insert into reservation_preorder (reservationID, menu_itemID) values (550, 16);
insert into reservation_preorder (reservationID, menu_itemID) values (670, 34);
insert into reservation_preorder (reservationID, menu_itemID) values (12, 14);
insert into reservation_preorder (reservationID, menu_itemID) values (280, 23);
insert into reservation_preorder (reservationID, menu_itemID) values (630, 22);
insert into reservation_preorder (reservationID, menu_itemID) values (247, 38);
insert into reservation_preorder (reservationID, menu_itemID) values (220, 26);
insert into reservation_preorder (reservationID, menu_itemID) values (347, 30);
insert into reservation_preorder (reservationID, menu_itemID) values (72, 67);
insert into reservation_preorder (reservationID, menu_itemID) values (553, 24);
insert into reservation_preorder (reservationID, menu_itemID) values (760, 57);
insert into reservation_preorder (reservationID, menu_itemID) values (458, 60);
insert into reservation_preorder (reservationID, menu_itemID) values (714, 9);
insert into reservation_preorder (reservationID, menu_itemID) values (166, 12);
insert into reservation_preorder (reservationID, menu_itemID) values (431, 10);
insert into reservation_preorder (reservationID, menu_itemID) values (343, 1);
insert into reservation_preorder (reservationID, menu_itemID) values (101, 30);
insert into reservation_preorder (reservationID, menu_itemID) values (703, 59);
insert into reservation_preorder (reservationID, menu_itemID) values (629, 54);
insert into reservation_preorder (reservationID, menu_itemID) values (526, 7);
insert into reservation_preorder (reservationID, menu_itemID) values (488, 10);
insert into reservation_preorder (reservationID, menu_itemID) values (584, 49);
insert into reservation_preorder (reservationID, menu_itemID) values (542, 69);
insert into reservation_preorder (reservationID, menu_itemID) values (774, 60);
insert into reservation_preorder (reservationID, menu_itemID) values (581, 11);
insert into reservation_preorder (reservationID, menu_itemID) values (58, 67);
insert into reservation_preorder (reservationID, menu_itemID) values (156, 36);
insert into reservation_preorder (reservationID, menu_itemID) values (791, 8);
insert into reservation_preorder (reservationID, menu_itemID) values (352, 70);
insert into reservation_preorder (reservationID, menu_itemID) values (685, 5);
insert into reservation_preorder (reservationID, menu_itemID) values (694, 49);
insert into reservation_preorder (reservationID, menu_itemID) values (150, 69);
insert into reservation_preorder (reservationID, menu_itemID) values (399, 36);
insert into reservation_preorder (reservationID, menu_itemID) values (316, 9);



INSERT INTO table_has_reservation (linkID, tableID, reservationID) VALUES
(1, 16, 282),
(2, 34, 709),
(3, 10, 723),
(4, 25, 598),
(5, 3, 122),
(6, 17, 271),
(7, 5, 653),
(8, 27, 600),
(9, 25, 301),
(10, 25, 531),
(11, 33, 119),
(12, 5, 397),
(13, 35, 139),
(14, 11, 58),
(15, 2, 306),
(16, 18, 630),
(17, 39, 654),
(18, 21, 485),
(19, 13, 685),
(20, 19, 330),
(21, 19, 204),
(22, 4, 463),
(23, 4, 198),
(24, 37, 737),
(25, 21, 33),
(26, 19, 776),
(27, 15, 356),
(28, 40, 635),
(29, 35, 293),
(30, 35, 633),
(31, 16, 638),
(32, 21, 576),
(33, 11, 441),
(34, 33, 220),
(35, 23, 172),
(36, 12, 599),
(37, 6, 518),
(38, 25, 489),
(39, 21, 725),
(40, 17, 52),
(41, 16, 198),
(42, 16, 509),
(43, 37, 442),
(44, 34, 448),
(45, 31, 509),
(46, 5, 573),
(47, 30, 228),
(48, 5, 346),
(49, 13, 622),
(50, 35, 618),
(51, 23, 697),
(52, 25, 777),
(53, 11, 618),
(54, 10, 205),
(55, 28, 530),
(56, 10, 613),
(57, 30, 366),
(58, 10, 251),
(59, 9, 448),
(60, 21, 18),
(61, 22, 381),
(62, 29, 311),
(63, 23, 124),
(64, 37, 323),
(65, 12, 295),
(66, 40, 98),
(67, 25, 469),
(68, 32, 32),
(69, 15, 328),
(70, 40, 669),
(71, 24, 299),
(72, 21, 531),
(73, 37, 183),
(74, 33, 430),
(75, 22, 434),
(76, 28, 402),
(77, 14, 423),
(78, 22, 594),
(79, 33, 681),
(80, 17, 633),
(81, 27, 523),
(82, 26, 356),
(83, 2, 679),
(84, 35, 488),
(85, 30, 621),
(86, 37, 520),
(87, 27, 159),
(88, 3, 273),
(89, 40, 76),
(90, 19, 741),
(91, 29, 107),
(92, 37, 573),
(93, 38, 62),
(94, 16, 317),
(95, 28, 219),
(96, 33, 118),
(97, 12, 784),
(98, 39, 28),
(99, 18, 742),
(100, 39, 707),
(101, 33, 81),
(102, 15, 531),
(103, 38, 316),
(104, 27, 101),
(105, 7, 733),
(106, 12, 602),
(107, 29, 646),
(108, 21, 551),
(109, 33, 382),
(110, 14, 483),
(111, 3, 324),
(112, 11, 31),
(113, 19, 163),
(114, 16, 301),
(115, 18, 35),
(116, 4, 348),
(117, 9, 797),
(118, 28, 215),
(119, 12, 513),
(120, 16, 390),
(121, 21, 765),
(122, 30, 304),
(123, 12, 448),
(124, 19, 431),
(125, 13, 468),
(126, 33, 306),
(127, 38, 643),
(128, 5, 757),
(129, 22, 207),
(130, 31, 19),
(131, 19, 160),
(132, 1, 782),
(133, 11, 499),
(134, 39, 646),
(135, 12, 84),
(136, 3, 711),
(137, 34, 179),
(138, 15, 584),
(139, 37, 371),
(140, 23, 62),
(141, 15, 567),
(142, 20, 698),
(143, 12, 369),
(144, 9, 273),
(145, 37, 123),
(146, 37, 581),
(147, 29, 358),
(148, 28, 459),
(149, 20, 554),
(150, 7, 204),
(151, 33, 544),
(152, 26, 72),
(153, 20, 275),
(154, 30, 142),
(155, 39, 171),
(156, 13, 521),
(157, 1, 226),
(158, 32, 424),
(159, 14, 288),
(160, 1, 117),
(161, 9, 275),
(162, 24, 793),
(163, 23, 131),
(164, 17, 439),
(165, 38, 334),
(166, 33, 684),
(167, 16, 489),
(168, 23, 659),
(169, 19, 251),
(170, 17, 688),
(171, 40, 402),
(172, 16, 279),
(173, 17, 621),
(174, 4, 490),
(175, 30, 774),
(176, 32, 497),
(177, 23, 129),
(178, 37, 344),
(179, 24, 421),
(180, 35, 447),
(181, 18, 396),
(182, 10, 21),
(183, 26, 598),
(184, 3, 201),
(185, 26, 22),
(186, 29, 95),
(187, 36, 251),
(188, 40, 655),
(189, 3, 467),
(190, 14, 775),
(191, 22, 115),
(192, 38, 174),
(193, 24, 663),
(194, 9, 750),
(195, 3, 499),
(196, 16, 107),
(197, 27, 750),
(198, 14, 272),
(199, 21, 372),
(200, 38, 586),
(201, 13, 276),
(202, 11, 26),
(203, 32, 601),
(204, 32, 504),
(205, 36, 334),
(206, 29, 419),
(207, 24, 585),
(208, 20, 220),
(209, 17, 112),
(210, 19, 654),
(211, 23, 26),
(212, 37, 717),
(213, 23, 49),
(214, 16, 338),
(215, 31, 623),
(216, 7, 574),
(217, 16, 125),
(218, 2, 692),
(219, 12, 234),
(220, 40, 548),
(221, 8, 561),
(222, 20, 276),
(223, 39, 503),
(224, 20, 429),
(225, 36, 168),
(226, 16, 596),
(227, 11, 529),
(228, 32, 692),
(229, 37, 297),
(230, 4, 668),
(231, 33, 684),
(232, 28, 404),
(233, 33, 488),
(234, 9, 641),
(235, 17, 782),
(236, 12, 185),
(237, 35, 506),
(238, 31, 240),
(239, 31, 491),
(240, 18, 213),
(241, 31, 480),
(242, 32, 325),
(243, 10, 255),
(244, 27, 596),
(245, 12, 222),
(246, 22, 92),
(247, 35, 41),
(248, 1, 505),
(249, 28, 365),
(250, 6, 181),
(251, 17, 355),
(252, 15, 669),
(253, 13, 219),
(254, 4, 486),
(255, 18, 78),
(256, 35, 109),
(257, 12, 677),
(258, 5, 621),
(259, 37, 405),
(260, 24, 46),
(261, 35, 622),
(262, 1, 349),
(263, 39, 192),
(264, 11, 381),
(265, 5, 610),
(266, 28, 549),
(267, 22, 120),
(268, 34, 690),
(269, 35, 675),
(270, 29, 301),
(271, 38, 537),
(272, 19, 709),
(273, 23, 101),
(274, 37, 205),
(275, 18, 588),
(276, 30, 471),
(277, 27, 409),
(278, 28, 754),
(279, 33, 187),
(280, 17, 127),
(281, 16, 508),
(282, 14, 731),
(283, 12, 498),
(284, 6, 188),
(285, 11, 87),
(286, 38, 107),
(287, 28, 391),
(288, 15, 701),
(289, 30, 97),
(290, 13, 282),
(291, 17, 656),
(292, 9, 42),
(293, 1, 272),
(294, 33, 245),
(295, 5, 482),
(296, 2, 49),
(297, 37, 354),
(298, 27, 665),
(299, 22, 398),
(300, 25, 439),
(301, 25, 502),
(302, 21, 146),
(303, 15, 6),
(304, 13, 13),
(305, 35, 13),
(306, 23, 308),
(307, 3, 792),
(308, 38, 93),
(309, 30, 471),
(310, 33, 116),
(311, 24, 691),
(312, 18, 442),
(313, 5, 446),
(314, 3, 536),
(315, 7, 477),
(316, 7, 405),
(317, 6, 781),
(318, 23, 457),
(319, 30, 84),
(320, 4, 66),
(321, 17, 256),
(322, 36, 331),
(323, 40, 189),
(324, 13, 666),
(325, 35, 303),
(326, 11, 565),
(327, 10, 300),
(328, 10, 4),
(329, 1, 450),
(330, 39, 2),
(331, 14, 754),
(332, 29, 551),
(333, 17, 406),
(334, 17, 639),
(335, 18, 513),
(336, 8, 558),
(337, 4, 607),
(338, 4, 350),
(339, 2, 497),
(340, 31, 420),
(341, 10, 711),
(342, 31, 8),
(343, 7, 560),
(344, 32, 787),
(345, 12, 627),
(346, 37, 757),
(347, 25, 68),
(348, 37, 701),
(349, 24, 236),
(350, 31, 462),
(351, 34, 150),
(352, 13, 164),
(353, 15, 135),
(354, 28, 736),
(355, 16, 170),
(356, 2, 130),
(357, 12, 586),
(358, 37, 738),
(359, 23, 221),
(360, 24, 604),
(361, 17, 287),
(362, 29, 48),
(363, 19, 266),
(364, 8, 628),
(365, 26, 334),
(366, 12, 34),
(367, 2, 49),
(368, 1, 584),
(369, 16, 406),
(370, 29, 569),
(371, 27, 534),
(372, 36, 500),
(373, 39, 127),
(374, 20, 88),
(375, 27, 601),
(376, 1, 378),
(377, 36, 70),
(378, 40, 381),
(379, 7, 110),
(380, 22, 352),
(381, 16, 126),
(382, 28, 437),
(383, 28, 800),
(384, 24, 255),
(385, 34, 81),
(386, 2, 196),
(387, 8, 98),
(388, 10, 217),
(389, 7, 760),
(390, 34, 499),
(391, 23, 269),
(392, 37, 14),
(393, 10, 145),
(394, 3, 315),
(395, 33, 637),
(396, 12, 322),
(397, 3, 321),
(398, 38, 84),
(399, 3, 51),
(400, 39, 245),
(401, 29, 531),
(402, 17, 93),
(403, 6, 735),
(404, 9, 776),
(405, 27, 320),
(406, 24, 711),
(407, 33, 10),
(408, 11, 219),
(409, 12, 288),
(410, 16, 139),
(411, 28, 472),
(412, 14, 124),
(413, 37, 669),
(414, 3, 20),
(415, 7, 732),
(416, 22, 340),
(417, 12, 22),
(418, 19, 385),
(419, 19, 308),
(420, 34, 101),
(421, 17, 754),
(422, 30, 137),
(423, 8, 299),
(424, 39, 381),
(425, 33, 679),
(426, 26, 281),
(427, 6, 5),
(428, 8, 592),
(429, 22, 477),
(430, 26, 516),
(431, 9, 217),
(432, 30, 69),
(433, 21, 34),
(434, 8, 186),
(435, 27, 165),
(436, 14, 121),
(437, 24, 508),
(438, 30, 515),
(439, 39, 106),
(440, 35, 681),
(441, 14, 743),
(442, 40, 86),
(443, 26, 652),
(444, 17, 186),
(445, 15, 304),
(446, 5, 719),
(447, 19, 344),
(448, 3, 52),
(449, 39, 721),
(450, 7, 656),
(451, 34, 449),
(452, 7, 515),
(453, 20, 799),
(454, 22, 781),
(455, 10, 475),
(456, 21, 752),
(457, 23, 632),
(458, 9, 44),
(459, 27, 622),
(460, 3, 117),
(461, 39, 346),
(462, 4, 340),
(463, 3, 429),
(464, 29, 359),
(465, 24, 686),
(466, 40, 99),
(467, 13, 573),
(468, 12, 263),
(469, 11, 621),
(470, 32, 762),
(471, 18, 130),
(472, 33, 413),
(473, 4, 397),
(474, 3, 163),
(475, 39, 664),
(476, 3, 194),
(477, 34, 344),
(478, 39, 302),
(479, 18, 401),
(480, 17, 441),
(481, 15, 482),
(482, 5, 442),
(483, 15, 769),
(484, 5, 208),
(485, 3, 465),
(486, 6, 427),
(487, 28, 91),
(488, 14, 234),
(489, 29, 568),
(490, 5, 421),
(491, 13, 54),
(492, 29, 231),
(493, 8, 247),
(494, 25, 771),
(495, 19, 142),
(496, 34, 10),
(497, 31, 350),
(498, 8, 19),
(499, 7, 525),
(500, 30, 202),
(501, 30, 178),
(502, 19, 508),
(503, 21, 574),
(504, 10, 114),
(505, 1, 447),
(506, 24, 61),
(507, 1, 471),
(508, 39, 536),
(509, 28, 269),
(510, 8, 556),
(511, 11, 154),
(512, 9, 728),
(513, 7, 284),
(514, 2, 373),
(515, 4, 146),
(516, 36, 738),
(517, 31, 218),
(518, 11, 601),
(519, 1, 610),
(520, 18, 148),
(521, 18, 128),
(522, 22, 697),
(523, 11, 604),
(524, 33, 267),
(525, 16, 671),
(526, 34, 155),
(527, 37, 410),
(528, 4, 495),
(529, 7, 193),
(530, 13, 662),
(531, 29, 406),
(532, 39, 73),
(533, 20, 193),
(534, 6, 539),
(535, 36, 356),
(536, 18, 172),
(537, 27, 543),
(538, 10, 212),
(539, 29, 168),
(540, 27, 55),
(541, 1, 146),
(542, 18, 373),
(543, 28, 369),
(544, 19, 535),
(545, 30, 430),
(546, 17, 301),
(547, 29, 553),
(548, 14, 569),
(549, 17, 558),
(550, 34, 351),
(551, 17, 457),
(552, 10, 654),
(553, 5, 439),
(554, 37, 299),
(555, 21, 661),
(556, 30, 302),
(557, 9, 112),
(558, 15, 141),
(559, 19, 798),
(560, 33, 631),
(561, 14, 378),
(562, 36, 460),
(563, 35, 565),
(564, 9, 401),
(565, 16, 637),
(566, 15, 489),
(567, 28, 488),
(568, 18, 366),
(569, 33, 564),
(570, 8, 169),
(571, 25, 217),
(572, 31, 93),
(573, 19, 496),
(574, 36, 277),
(575, 22, 370),
(576, 24, 243),
(577, 31, 687),
(578, 28, 575),
(579, 18, 689),
(580, 15, 329),
(581, 35, 427),
(582, 8, 753),
(583, 4, 354),
(584, 38, 605),
(585, 8, 482),
(586, 25, 115),
(587, 26, 166),
(588, 27, 346),
(589, 26, 751),
(590, 24, 415),
(591, 1, 198),
(592, 10, 654),
(593, 6, 712),
(594, 2, 304),
(595, 1, 634),
(596, 6, 682),
(597, 8, 637),
(598, 35, 122),
(599, 31, 405),
(600, 32, 372),
(601, 6, 151),
(602, 11, 411),
(603, 16, 545),
(604, 26, 508),
(605, 26, 348),
(606, 18, 130),
(607, 8, 577),
(608, 1, 424),
(609, 23, 488),
(610, 18, 773),
(611, 40, 90),
(612, 22, 630),
(613, 4, 491),
(614, 36, 119),
(615, 17, 629),
(616, 32, 205),
(617, 40, 715),
(618, 15, 713),
(619, 1, 667),
(620, 31, 46),
(621, 12, 563),
(622, 25, 75),
(623, 2, 273),
(624, 30, 654),
(625, 14, 520),
(626, 29, 786),
(627, 19, 479),
(628, 39, 391),
(629, 30, 654),
(630, 35, 644),
(631, 31, 630),
(632, 2, 134),
(633, 2, 2),
(634, 5, 727),
(635, 23, 216),
(636, 8, 113),
(637, 21, 475),
(638, 14, 698),
(639, 39, 532),
(640, 19, 759),
(641, 12, 652),
(642, 32, 692),
(643, 29, 62),
(644, 22, 118),
(645, 2, 647),
(646, 11, 354),
(647, 24, 413),
(648, 20, 195),
(649, 5, 502),
(650, 18, 616),
(651, 21, 500),
(652, 30, 231),
(653, 22, 661),
(654, 40, 516),
(655, 1, 166),
(656, 8, 55),
(657, 31, 791),
(658, 26, 253),
(659, 33, 129),
(660, 2, 563),
(661, 26, 150),
(662, 19, 317),
(663, 30, 68),
(664, 26, 95),
(665, 18, 178),
(666, 17, 666),
(667, 13, 159),
(668, 12, 66),
(669, 22, 81),
(670, 37, 478),
(671, 39, 337),
(672, 30, 167),
(673, 35, 216),
(674, 33, 14),
(675, 21, 507),
(676, 17, 270),
(677, 38, 553),
(678, 32, 665),
(679, 14, 655),
(680, 12, 144),
(681, 30, 29),
(682, 39, 340),
(683, 35, 530),
(684, 38, 39),
(685, 32, 443),
(686, 28, 605),
(687, 38, 536),
(688, 17, 394),
(689, 4, 613),
(690, 28, 41),
(691, 34, 748),
(692, 35, 705),
(693, 4, 660),
(694, 36, 91),
(695, 1, 767),
(696, 23, 180),
(697, 35, 425),
(698, 19, 314),
(699, 3, 435),
(700, 3, 563),
(701, 19, 466),
(702, 38, 403),
(703, 8, 392),
(704, 28, 759),
(705, 12, 428),
(706, 16, 549),
(707, 34, 31),
(708, 40, 663),
(709, 25, 345),
(710, 7, 332),
(711, 17, 575),
(712, 15, 108),
(713, 32, 214),
(714, 3, 787),
(715, 1, 183),
(716, 7, 182),
(717, 11, 31),
(718, 33, 29),
(719, 8, 546),
(720, 39, 476),
(721, 5, 774),
(722, 10, 412),
(723, 16, 281),
(724, 6, 530),
(725, 21, 128),
(726, 2, 69),
(727, 6, 591),
(728, 28, 779),
(729, 35, 28),
(730, 27, 551),
(731, 7, 341),
(732, 33, 20),
(733, 29, 654),
(734, 23, 332),
(735, 22, 493),
(736, 1, 93),
(737, 36, 59),
(738, 11, 162),
(739, 7, 27),
(740, 38, 438),
(741, 9, 186),
(742, 31, 479),
(743, 38, 385),
(744, 20, 356),
(745, 20, 206),
(746, 30, 650),
(747, 5, 152),
(748, 20, 7),
(749, 15, 13),
(750, 8, 768),
(751, 35, 254),
(752, 1, 744),
(753, 1, 749),
(754, 5, 690),
(755, 5, 11),
(756, 3, 721),
(757, 16, 579),
(758, 14, 675),
(759, 24, 17),
(760, 2, 395),
(761, 28, 658),
(762, 27, 488),
(763, 32, 575),
(764, 25, 618),
(765, 3, 107),
(766, 26, 781),
(767, 9, 219),
(768, 14, 642),
(769, 34, 535),
(770, 33, 3),
(771, 3, 137),
(772, 9, 138),
(773, 27, 614),
(774, 13, 743),
(775, 39, 211),
(776, 5, 680),
(777, 24, 140),
(778, 28, 66),
(779, 28, 797),
(780, 38, 745),
(781, 15, 334),
(782, 28, 357),
(783, 23, 63),
(784, 18, 598),
(785, 10, 591),
(786, 24, 265),
(787, 18, 551),
(788, 24, 157),
(789, 11, 521),
(790, 3, 782),
(791, 17, 134),
(792, 37, 544),
(793, 26, 107),
(794, 37, 205),
(795, 9, 269),
(796, 3, 413),
(797, 18, 789),
(798, 10, 374),
(799, 40, 655),
(800, 6, 366),
(801, 18, 766),
(802, 12, 480),
(803, 36, 583),
(804, 13, 601),
(805, 30, 92),
(806, 21, 184),
(807, 32, 645),
(808, 1, 162),
(809, 1, 167),
(810, 5, 795),
(811, 18, 5),
(812, 34, 432),
(813, 30, 543),
(814, 13, 570),
(815, 14, 508),
(816, 15, 119),
(817, 1, 602),
(818, 14, 279),
(819, 1, 763),
(820, 11, 267),
(821, 21, 598),
(822, 30, 19),
(823, 30, 158),
(824, 37, 531),
(825, 31, 60),
(826, 27, 442),
(827, 31, 679),
(828, 15, 319),
(829, 32, 389),
(830, 9, 771),
(831, 4, 230),
(832, 21, 332),
(833, 7, 127),
(834, 3, 17),
(835, 38, 797),
(836, 6, 347),
(837, 37, 570),
(838, 18, 28),
(839, 1, 610),
(840, 10, 202),
(841, 13, 524),
(842, 3, 678),
(843, 27, 708),
(844, 29, 389),
(845, 4, 233),
(846, 39, 444),
(847, 36, 768),
(848, 8, 127),
(849, 28, 683),
(850, 31, 217),
(851, 34, 215),
(852, 31, 220),
(853, 1, 332),
(854, 34, 638),
(855, 22, 740),
(856, 23, 739),
(857, 16, 317),
(858, 9, 338),
(859, 6, 245),
(860, 32, 210),
(861, 29, 42),
(862, 20, 705),
(863, 2, 108),
(864, 36, 92),
(865, 6, 305),
(866, 39, 228),
(867, 22, 15),
(868, 12, 296),
(869, 13, 394),
(870, 1, 452),
(871, 11, 348),
(872, 36, 217),
(873, 12, 481),
(874, 36, 713),
(875, 17, 563),
(876, 40, 196),
(877, 9, 520),
(878, 35, 173),
(879, 31, 447),
(880, 19, 56),
(881, 28, 453),
(882, 9, 783),
(883, 3, 655),
(884, 24, 49),
(885, 17, 636),
(886, 16, 358),
(887, 2, 71),
(888, 12, 408),
(889, 7, 46),
(890, 5, 639),
(891, 40, 284),
(892, 40, 597),
(893, 26, 371),
(894, 37, 747),
(895, 27, 784),
(896, 13, 442),
(897, 17, 327),
(898, 14, 387),
(899, 10, 29),
(900, 23, 144),
(901, 4, 272),
(902, 18, 420),
(903, 21, 616),
(904, 33, 345),
(905, 24, 238),
(906, 36, 653),
(907, 31, 21),
(908, 28, 747),
(909, 13, 718),
(910, 22, 799),
(911, 38, 68),
(912, 6, 77),
(913, 38, 16),
(914, 6, 707),
(915, 16, 663),
(916, 16, 204),
(917, 35, 530),
(918, 18, 749),
(919, 9, 680),
(920, 34, 192),
(921, 9, 783),
(922, 3, 461),
(923, 21, 530),
(924, 16, 479),
(925, 17, 561),
(926, 15, 375),
(927, 19, 98),
(928, 6, 538),
(929, 13, 118),
(930, 6, 595),
(931, 20, 180),
(932, 35, 226),
(933, 23, 286),
(934, 35, 518),
(935, 14, 282),
(936, 14, 340),
(937, 28, 318),
(938, 5, 103),
(939, 38, 665),
(940, 33, 549),
(941, 26, 635),
(942, 31, 333),
(943, 19, 259),
(944, 3, 369),
(945, 6, 271),
(946, 8, 402),
(947, 36, 630),
(948, 40, 393),
(949, 19, 552),
(950, 10, 140),
(951, 17, 367),
(952, 37, 333),
(953, 5, 609),
(954, 34, 443),
(955, 26, 422),
(956, 39, 427),
(957, 22, 734),
(958, 19, 587),
(959, 7, 620),
(960, 37, 101),
(961, 1, 599),
(962, 27, 114),
(963, 39, 52),
(964, 31, 498),
(965, 29, 732),
(966, 25, 233),
(967, 37, 533),
(968, 30, 172),
(969, 39, 28),
(970, 3, 216),
(971, 25, 65),
(972, 19, 222),
(973, 28, 116),
(974, 6, 637),
(975, 21, 768),
(976, 9, 78),
(977, 16, 607),
(978, 29, 156),
(979, 25, 71),
(980, 12, 626),
(981, 12, 308),
(982, 39, 730),
(983, 36, 2),
(984, 1, 562),
(985, 39, 245),
(986, 38, 44),
(987, 21, 411),
(988, 22, 626),
(989, 4, 537),
(990, 40, 408),
(991, 13, 164),
(992, 37, 618),
(993, 27, 727),
(994, 33, 430),
(995, 12, 427),
(996, 10, 600),
(997, 10, 198),
(998, 34, 526),
(999, 37, 113),
(1000, 32, 666);




INSERT INTO table_has_waiter (shiftID, tableID, CPR, date, start_time, end_time) VALUES
(1, 37, '1453702430', '2021-09-29', '13:17:00', NULL),
(2, 24, '1453702430', '2021-09-23', '16:51:00', NULL),
(3, 22, '4273776526', '2021-09-23', '16:54:00', '10:16:00'),
(4, 23, '1453702430', '2021-09-25', '13:07:00', NULL),
(5, 32, '4273776526', '2021-09-29', '21:25:00', NULL),
(6, 14, '4980958879', '2021-09-26', '07:58:00', NULL),
(7, 15, '4980958879', '2021-09-22', '13:29:00', '12:57:00'),
(8, 20, '4273776526', '2021-09-27', '15:10:00', '17:52:00'),
(9, 28, '1143110621', '2021-09-27', '06:52:00', '20:06:00'),
(10, 13, '7511701956', '2021-09-22', '02:45:00', '23:10:00'),
(11, 7, '1143110621', '2021-09-30', '05:05:00', NULL),
(12, 34, '4980958879', '2021-09-23', '23:38:00', NULL),
(13, 40, '4273776526', '2021-09-30', '01:01:00', NULL),
(14, 11, '4980958879', '2021-09-24', '22:27:00', '01:22:00'),
(15, 10, '4273776526', '2021-09-22', '08:41:00', NULL),
(16, 10, '1143110621', '2021-09-29', '16:44:00', '11:10:00'),
(17, 4, '4273776526', '2021-09-27', '04:35:00', '23:52:00'),
(18, 40, '4273776526', '2021-09-22', '06:23:00', NULL),
(19, 22, '4980958879', '2021-09-30', '04:16:00', '17:03:00'),
(20, 15, '4980958879', '2021-09-22', '02:36:00', NULL),
(21, 24, '4980958879', '2021-09-26', '21:29:00', '05:48:00'),
(22, 22, '4980958879', '2021-09-26', '13:20:00', NULL),
(23, 11, '1453702430', '2021-09-24', '10:02:00', NULL),
(24, 29, '1453702430', '2021-09-26', '08:40:00', NULL),
(25, 8, '1453702430', '2021-10-01', '04:39:00', '03:39:00'),
(26, 17, '1143110621', '2021-09-23', '04:50:00', NULL),
(27, 13, '4273776526', '2021-09-23', '19:56:00', '23:05:00'),
(28, 32, '1143110621', '2021-09-29', '16:00:00', NULL),
(29, 35, '1453702430', '2021-09-27', '03:21:00', NULL),
(30, 29, '1143110621', '2021-09-22', '02:30:00', '21:47:00'),
(31, 15, '4273776526', '2021-09-28', '14:14:00', '16:19:00'),
(32, 9, '4273776526', '2021-09-26', '10:26:00', NULL),
(33, 7, '4980958879', '2021-09-27', '18:59:00', NULL),
(34, 7, '4980958879', '2021-09-28', '07:44:00', '00:29:00'),
(35, 13, '4980958879', '2021-09-27', '17:28:00', NULL),
(36, 40, '1143110621', '2021-09-30', '15:25:00', NULL),
(37, 26, '4980958879', '2021-09-26', '05:39:00', NULL),
(38, 11, '1453702430', '2021-09-27', '11:14:00', NULL),
(39, 33, '7511701956', '2021-09-24', '12:48:00', NULL),
(40, 8, '1453702430', '2021-09-28', '15:49:00', NULL),
(41, 10, '7511701956', '2021-10-01', '20:43:00', NULL),
(42, 14, '7511701956', '2021-09-30', '08:31:00', NULL),
(43, 40, '4273776526', '2021-09-28', '16:18:00', '03:38:00'),
(44, 10, '4980958879', '2021-09-25', '17:30:00', NULL),
(45, 20, '4980958879', '2021-09-27', '13:43:00', NULL),
(46, 11, '4980958879', '2021-09-24', '03:34:00', '07:41:00'),
(47, 32, '4273776526', '2021-09-28', '10:54:00', NULL),
(48, 16, '1143110621', '2021-09-22', '07:11:00', NULL),
(49, 10, '4273776526', '2021-10-01', '08:34:00', NULL),
(50, 35, '4273776526', '2021-09-26', '18:39:00', NULL),
(51, 10, '7511701956', '2021-09-23', '11:54:00', NULL),
(52, 10, '1453702430', '2021-09-25', '12:45:00', NULL),
(53, 27, '4980958879', '2021-09-25', '05:18:00', NULL),
(54, 16, '1143110621', '2021-09-29', '20:33:00', '05:06:00'),
(55, 29, '4273776526', '2021-09-28', '22:53:00', NULL),
(56, 40, '7511701956', '2021-09-29', '17:49:00', NULL),
(57, 4, '4980958879', '2021-09-28', '19:39:00', NULL),
(58, 9, '7511701956', '2021-09-24', '21:45:00', NULL),
(59, 40, '1453702430', '2021-10-01', '01:04:00', NULL),
(60, 35, '4273776526', '2021-09-22', '18:09:00', '00:42:00'),
(61, 32, '4980958879', '2021-09-26', '00:43:00', NULL),
(62, 39, '1143110621', '2021-09-22', '02:05:00', '19:09:00'),
(63, 15, '7511701956', '2021-09-27', '22:34:00', NULL),
(64, 13, '4980958879', '2021-09-24', '06:54:00', NULL),
(65, 32, '7511701956', '2021-10-01', '05:01:00', NULL),
(66, 27, '4273776526', '2021-09-22', '20:14:00', '22:22:00'),
(67, 35, '4980958879', '2021-09-27', '09:57:00', NULL),
(68, 5, '7511701956', '2021-09-29', '12:47:00', NULL),
(69, 37, '1143110621', '2021-09-24', '22:33:00', NULL),
(70, 36, '7511701956', '2021-09-25', '21:10:00', NULL),
(71, 34, '4273776526', '2021-09-27', '15:47:00', NULL),
(72, 17, '4980958879', '2021-09-30', '14:18:00', '04:59:00'),
(73, 23, '4273776526', '2021-09-25', '16:07:00', '18:43:00'),
(74, 22, '1453702430', '2021-10-01', '05:45:00', '11:00:00'),
(75, 19, '4273776526', '2021-09-24', '11:19:00', NULL),
(76, 20, '1453702430', '2021-09-24', '06:09:00', '17:14:00'),
(77, 9, '1143110621', '2021-09-27', '05:24:00', NULL),
(78, 32, '4273776526', '2021-09-30', '13:58:00', '17:06:00'),
(79, 2, '1143110621', '2021-09-29', '11:49:00', NULL),
(80, 34, '4273776526', '2021-09-24', '14:45:00', NULL),
(81, 28, '1143110621', '2021-09-27', '01:22:00', NULL),
(82, 11, '1143110621', '2021-09-28', '03:19:00', '11:37:00'),
(83, 9, '7511701956', '2021-09-27', '07:39:00', NULL),
(84, 40, '4273776526', '2021-09-26', '19:44:00', NULL),
(85, 17, '1143110621', '2021-09-23', '17:27:00', NULL),
(86, 13, '1453702430', '2021-09-26', '08:44:00', '06:07:00'),
(87, 7, '7511701956', '2021-09-29', '05:52:00', NULL),
(88, 2, '1143110621', '2021-09-26', '01:47:00', NULL),
(89, 17, '7511701956', '2021-09-26', '21:04:00', NULL),
(90, 9, '4980958879', '2021-09-22', '14:04:00', NULL),
(91, 24, '7511701956', '2021-09-25', '18:11:00', NULL),
(92, 9, '4980958879', '2021-10-01', '17:25:00', NULL),
(93, 26, '1143110621', '2021-09-28', '14:58:00', NULL),
(94, 18, '7511701956', '2021-09-26', '04:18:00', NULL),
(95, 4, '7511701956', '2021-09-23', '06:00:00', NULL),
(96, 5, '7511701956', '2021-10-01', '11:05:00', NULL),
(97, 32, '1143110621', '2021-10-01', '01:16:00', NULL),
(98, 6, '4980958879', '2021-09-24', '01:03:00', '11:18:00'),
(99, 12, '4980958879', '2021-09-23', '07:53:00', '05:44:00'),
(100, 38, '1453702430', '2021-09-22', '23:08:00', '21:42:00'),
(101, 33, '1453702430', '2021-09-22', '23:10:00', '05:27:00'),
(102, 35, '4273776526', '2021-09-27', '08:58:00', NULL),
(103, 18, '1143110621', '2021-09-22', '08:12:00', '13:54:00'),
(104, 7, '4273776526', '2021-09-25', '02:22:00', NULL),
(105, 13, '1143110621', '2021-10-01', '17:40:00', NULL),
(106, 12, '4273776526', '2021-09-23', '09:48:00', NULL),
(107, 38, '4980958879', '2021-09-24', '08:37:00', NULL),
(108, 10, '1143110621', '2021-09-30', '15:58:00', NULL),
(109, 32, '1143110621', '2021-09-27', '04:20:00', NULL),
(110, 18, '1453702430', '2021-09-26', '08:58:00', NULL),
(111, 7, '4273776526', '2021-09-26', '04:09:00', NULL),
(112, 16, '4273776526', '2021-09-25', '16:27:00', NULL),
(113, 14, '4273776526', '2021-09-25', '01:08:00', NULL),
(114, 12, '7511701956', '2021-09-23', '19:35:00', NULL),
(115, 4, '7511701956', '2021-09-26', '10:42:00', NULL),
(116, 3, '4980958879', '2021-09-29', '22:09:00', NULL),
(117, 32, '4273776526', '2021-09-29', '07:20:00', NULL),
(118, 26, '4273776526', '2021-09-27', '15:26:00', NULL),
(119, 33, '4273776526', '2021-09-28', '22:44:00', NULL),
(120, 13, '1453702430', '2021-09-27', '07:05:00', NULL),
(121, 21, '7511701956', '2021-09-25', '05:38:00', NULL),
(122, 27, '4980958879', '2021-09-26', '22:16:00', NULL),
(123, 1, '1453702430', '2021-09-28', '11:25:00', '09:00:00'),
(124, 27, '4273776526', '2021-09-28', '06:29:00', NULL),
(125, 39, '7511701956', '2021-09-29', '05:42:00', NULL),
(126, 4, '1453702430', '2021-09-25', '01:55:00', NULL),
(127, 13, '4980958879', '2021-09-24', '07:13:00', NULL),
(128, 29, '7511701956', '2021-09-28', '04:36:00', NULL),
(129, 30, '7511701956', '2021-09-28', '07:25:00', NULL),
(130, 6, '1143110621', '2021-09-22', '21:52:00', NULL),
(131, 9, '1453702430', '2021-09-25', '17:43:00', '08:04:00'),
(132, 22, '4273776526', '2021-09-27', '08:07:00', NULL),
(133, 22, '4980958879', '2021-09-23', '18:19:00', NULL),
(134, 9, '1143110621', '2021-09-24', '14:15:00', '00:37:00'),
(135, 20, '1143110621', '2021-09-30', '16:56:00', NULL),
(136, 9, '1453702430', '2021-09-28', '07:46:00', NULL),
(137, 16, '1143110621', '2021-09-27', '11:49:00', NULL),
(138, 21, '1143110621', '2021-09-27', '21:41:00', '09:01:00'),
(139, 12, '7511701956', '2021-10-01', '04:41:00', NULL),
(140, 12, '1143110621', '2021-09-25', '05:12:00', NULL),
(141, 4, '7511701956', '2021-09-25', '19:07:00', NULL),
(142, 32, '4273776526', '2021-09-24', '19:13:00', NULL),
(143, 23, '1143110621', '2021-09-28', '14:42:00', NULL),
(144, 8, '1143110621', '2021-09-24', '05:34:00', NULL),
(145, 8, '4980958879', '2021-09-23', '13:57:00', NULL),
(146, 7, '1453702430', '2021-09-22', '03:28:00', NULL),
(147, 28, '4273776526', '2021-09-23', '11:34:00', NULL),
(148, 4, '1453702430', '2021-09-25', '00:11:00', NULL),
(149, 39, '4980958879', '2021-09-26', '14:07:00', '06:56:00'),
(150, 36, '7511701956', '2021-09-26', '13:17:00', NULL),
(151, 18, '1143110621', '2021-09-29', '06:50:00', NULL),
(152, 5, '1143110621', '2021-09-23', '20:23:00', NULL),
(153, 26, '4273776526', '2021-09-23', '10:24:00', NULL),
(154, 1, '7511701956', '2021-09-23', '18:55:00', '03:46:00'),
(155, 18, '7511701956', '2021-09-28', '21:05:00', '14:45:00'),
(156, 15, '4980958879', '2021-10-01', '05:18:00', NULL),
(157, 14, '1453702430', '2021-09-30', '20:09:00', '01:33:00'),
(158, 7, '4980958879', '2021-09-29', '21:10:00', '23:49:00'),
(159, 32, '4980958879', '2021-09-22', '14:05:00', NULL),
(160, 12, '1143110621', '2021-09-23', '22:33:00', NULL),
(161, 20, '7511701956', '2021-10-01', '10:39:00', NULL),
(162, 4, '4273776526', '2021-09-23', '16:30:00', NULL),
(163, 20, '1453702430', '2021-09-28', '04:02:00', NULL),
(164, 12, '1143110621', '2021-09-29', '16:20:00', NULL),
(165, 8, '7511701956', '2021-09-29', '00:10:00', NULL),
(166, 12, '1143110621', '2021-09-28', '03:30:00', NULL),
(167, 6, '4980958879', '2021-09-24', '21:07:00', NULL),
(168, 10, '4980958879', '2021-09-29', '16:29:00', NULL),
(169, 30, '1453702430', '2021-09-28', '22:24:00', '02:59:00'),
(170, 15, '4273776526', '2021-10-01', '12:46:00', NULL),
(171, 17, '4273776526', '2021-09-22', '19:38:00', NULL),
(172, 2, '1143110621', '2021-09-24', '01:46:00', '15:10:00'),
(173, 23, '1453702430', '2021-09-29', '00:24:00', NULL),
(174, 15, '1453702430', '2021-09-23', '17:53:00', NULL),
(175, 14, '4273776526', '2021-09-27', '23:35:00', '11:45:00'),
(176, 8, '4980958879', '2021-10-01', '08:46:00', NULL),
(177, 18, '1453702430', '2021-09-26', '16:20:00', '13:40:00'),
(178, 36, '4273776526', '2021-09-29', '22:38:00', NULL),
(179, 17, '1453702430', '2021-10-01', '19:21:00', NULL),
(180, 30, '1143110621', '2021-09-29', '09:07:00', NULL),
(181, 22, '1143110621', '2021-09-26', '03:14:00', NULL),
(182, 39, '1143110621', '2021-09-23', '21:47:00', NULL),
(183, 23, '7511701956', '2021-09-23', '07:24:00', '18:35:00'),
(184, 24, '7511701956', '2021-09-22', '18:31:00', NULL),
(185, 38, '7511701956', '2021-09-22', '17:09:00', NULL),
(186, 26, '7511701956', '2021-09-29', '00:39:00', NULL),
(187, 21, '1143110621', '2021-09-27', '19:51:00', '03:23:00'),
(188, 7, '4273776526', '2021-09-24', '12:53:00', NULL),
(189, 10, '7511701956', '2021-09-29', '03:40:00', '21:47:00'),
(190, 5, '4273776526', '2021-09-22', '08:44:00', NULL),
(191, 32, '1453702430', '2021-09-30', '22:38:00', '02:35:00'),
(192, 20, '4980958879', '2021-09-26', '17:59:00', NULL),
(193, 20, '4980958879', '2021-09-24', '04:20:00', NULL),
(194, 16, '7511701956', '2021-09-25', '09:36:00', NULL),
(195, 29, '7511701956', '2021-09-27', '19:16:00', NULL),
(196, 23, '4273776526', '2021-09-26', '17:37:00', NULL),
(197, 29, '4980958879', '2021-09-29', '11:18:00', NULL),
(198, 25, '1453702430', '2021-09-24', '16:06:00', NULL),
(199, 1, '1453702430', '2021-10-01', '07:22:00', '05:44:00'),
(200, 17, '1453702430', '2021-09-27', '11:14:00', NULL),
(201, 1, '7511701956', '2021-09-24', '22:01:00', NULL),
(202, 3, '4980958879', '2021-09-28', '15:22:00', NULL),
(203, 28, '4273776526', '2021-09-22', '02:27:00', NULL),
(204, 31, '7511701956', '2021-09-24', '14:09:00', NULL),
(205, 12, '4980958879', '2021-09-27', '01:04:00', NULL),
(206, 23, '1143110621', '2021-09-25', '23:23:00', NULL),
(207, 37, '7511701956', '2021-09-24', '11:39:00', NULL),
(208, 14, '4273776526', '2021-09-29', '23:18:00', NULL),
(209, 19, '7511701956', '2021-09-22', '17:31:00', NULL),
(210, 36, '4980958879', '2021-09-25', '05:45:00', NULL),
(211, 5, '1453702430', '2021-09-24', '08:50:00', NULL),
(212, 34, '7511701956', '2021-09-29', '10:35:00', NULL),
(213, 1, '4980958879', '2021-09-24', '04:55:00', '17:11:00'),
(214, 13, '1453702430', '2021-09-24', '03:01:00', NULL),
(215, 25, '4980958879', '2021-09-28', '00:36:00', '11:39:00'),
(216, 37, '4273776526', '2021-09-23', '00:36:00', NULL),
(217, 30, '1143110621', '2021-09-24', '20:45:00', '00:19:00'),
(218, 12, '7511701956', '2021-09-29', '07:05:00', '21:46:00'),
(219, 29, '4980958879', '2021-10-01', '13:00:00', NULL),
(220, 11, '4273776526', '2021-09-23', '11:19:00', NULL),
(221, 22, '4980958879', '2021-09-29', '10:06:00', NULL),
(222, 29, '1143110621', '2021-09-22', '21:21:00', NULL),
(223, 16, '4273776526', '2021-09-27', '23:21:00', NULL),
(224, 7, '1143110621', '2021-09-29', '18:10:00', NULL),
(225, 25, '1143110621', '2021-09-25', '22:18:00', NULL),
(226, 16, '1453702430', '2021-09-24', '16:45:00', '20:17:00'),
(227, 23, '1453702430', '2021-09-27', '13:55:00', NULL),
(228, 14, '4980958879', '2021-09-24', '01:23:00', '04:49:00'),
(229, 18, '1453702430', '2021-09-22', '15:02:00', '16:35:00'),
(230, 35, '1143110621', '2021-09-29', '05:06:00', NULL),
(231, 11, '1453702430', '2021-09-25', '12:31:00', '08:07:00'),
(232, 12, '1143110621', '2021-09-23', '19:56:00', NULL),
(233, 36, '7511701956', '2021-09-22', '13:24:00', '02:53:00'),
(234, 7, '1143110621', '2021-09-28', '11:08:00', NULL),
(235, 3, '7511701956', '2021-09-22', '22:10:00', NULL),
(236, 12, '4273776526', '2021-09-23', '13:27:00', NULL),
(237, 25, '1453702430', '2021-09-25', '17:46:00', NULL),
(238, 23, '4273776526', '2021-10-01', '16:28:00', '13:35:00'),
(239, 3, '4980958879', '2021-09-26', '18:50:00', NULL),
(240, 34, '1143110621', '2021-09-22', '16:50:00', NULL),
(241, 38, '1143110621', '2021-09-22', '12:16:00', NULL),
(242, 14, '4273776526', '2021-09-26', '20:52:00', NULL),
(243, 3, '7511701956', '2021-09-26', '01:45:00', NULL),
(244, 40, '7511701956', '2021-09-22', '19:20:00', NULL),
(245, 39, '4273776526', '2021-09-28', '05:16:00', '15:57:00'),
(246, 7, '7511701956', '2021-09-25', '01:13:00', NULL),
(247, 36, '7511701956', '2021-09-26', '14:59:00', '17:27:00'),
(248, 32, '1453702430', '2021-09-26', '15:28:00', NULL),
(249, 34, '1453702430', '2021-09-25', '11:12:00', NULL),
(250, 34, '7511701956', '2021-09-30', '20:37:00', NULL),
(251, 39, '1143110621', '2021-09-30', '20:23:00', '01:13:00'),
(252, 13, '1143110621', '2021-09-28', '17:55:00', '21:38:00'),
(253, 24, '1143110621', '2021-09-29', '14:33:00', NULL),
(254, 11, '1143110621', '2021-10-01', '04:06:00', NULL),
(255, 11, '4980958879', '2021-09-24', '00:48:00', NULL),
(256, 33, '1453702430', '2021-09-23', '07:27:00', '19:47:00'),
(257, 23, '1453702430', '2021-09-28', '06:26:00', NULL),
(258, 22, '4980958879', '2021-09-26', '09:50:00', NULL),
(259, 19, '1453702430', '2021-10-01', '08:06:00', NULL),
(260, 5, '7511701956', '2021-09-25', '20:48:00', NULL),
(261, 20, '4980958879', '2021-09-30', '17:04:00', NULL),
(262, 19, '4980958879', '2021-09-25', '07:02:00', NULL),
(263, 18, '1453702430', '2021-09-30', '11:19:00', NULL),
(264, 18, '4273776526', '2021-09-23', '19:37:00', NULL),
(265, 37, '4980958879', '2021-09-26', '13:39:00', NULL),
(266, 17, '4273776526', '2021-09-30', '11:07:00', NULL),
(267, 30, '4980958879', '2021-09-26', '02:43:00', NULL),
(268, 20, '4980958879', '2021-09-24', '20:57:00', NULL),
(269, 19, '4980958879', '2021-09-26', '11:35:00', NULL),
(270, 6, '1143110621', '2021-09-29', '07:34:00', NULL),
(271, 8, '7511701956', '2021-09-22', '11:45:00', NULL),
(272, 13, '4273776526', '2021-09-25', '17:18:00', NULL),
(273, 12, '4980958879', '2021-09-29', '20:38:00', NULL),
(274, 39, '1453702430', '2021-09-29', '20:36:00', NULL),
(275, 1, '4273776526', '2021-09-22', '11:51:00', '04:50:00'),
(276, 34, '1453702430', '2021-09-26', '15:24:00', NULL),
(277, 21, '1143110621', '2021-09-30', '02:16:00', NULL),
(278, 35, '1453702430', '2021-09-24', '20:05:00', NULL),
(279, 11, '4980958879', '2021-09-26', '16:25:00', NULL),
(280, 8, '1143110621', '2021-09-23', '19:21:00', '09:53:00'),
(281, 24, '4273776526', '2021-09-28', '08:55:00', '01:13:00'),
(282, 27, '1143110621', '2021-09-25', '16:05:00', NULL),
(283, 14, '7511701956', '2021-09-30', '02:43:00', NULL),
(284, 10, '4980958879', '2021-09-25', '20:26:00', NULL),
(285, 26, '4980958879', '2021-09-29', '08:29:00', NULL),
(286, 34, '7511701956', '2021-09-23', '07:23:00', NULL),
(287, 7, '4273776526', '2021-09-25', '14:56:00', NULL),
(288, 23, '7511701956', '2021-10-01', '21:01:00', NULL),
(289, 13, '7511701956', '2021-09-27', '20:32:00', '11:41:00'),
(290, 36, '1143110621', '2021-10-01', '23:50:00', NULL),
(291, 24, '7511701956', '2021-09-23', '03:12:00', NULL),
(292, 8, '7511701956', '2021-09-26', '17:56:00', NULL),
(293, 27, '7511701956', '2021-09-23', '10:44:00', NULL),
(294, 12, '4273776526', '2021-09-24', '05:13:00', NULL),
(295, 20, '4273776526', '2021-09-27', '23:20:00', NULL),
(296, 1, '1143110621', '2021-09-26', '16:37:00', NULL),
(297, 4, '7511701956', '2021-09-26', '06:15:00', NULL),
(298, 10, '1143110621', '2021-09-22', '05:55:00', NULL),
(299, 22, '1453702430', '2021-10-01', '03:02:00', '18:27:00'),
(300, 40, '4980958879', '2021-09-27', '16:55:00', NULL),
(301, 1, '4980958879', '2021-09-28', '13:17:00', NULL),
(302, 8, '1453702430', '2021-10-01', '13:44:00', NULL),
(303, 23, '1453702430', '2021-09-25', '05:05:00', NULL),
(304, 10, '4980958879', '2021-09-29', '06:48:00', '00:30:00'),
(305, 24, '7511701956', '2021-09-22', '11:59:00', NULL),
(306, 1, '1143110621', '2021-09-24', '20:29:00', NULL),
(307, 9, '1453702430', '2021-09-22', '22:24:00', NULL),
(308, 15, '7511701956', '2021-09-26', '14:52:00', NULL),
(309, 29, '4980958879', '2021-09-28', '06:09:00', NULL),
(310, 27, '4980958879', '2021-09-29', '04:37:00', NULL),
(311, 22, '1453702430', '2021-09-23', '01:48:00', NULL),
(312, 18, '4273776526', '2021-09-27', '17:40:00', NULL),
(313, 33, '1143110621', '2021-09-23', '09:41:00', NULL),
(314, 35, '7511701956', '2021-09-27', '08:44:00', NULL),
(315, 33, '1143110621', '2021-10-01', '17:20:00', NULL),
(316, 39, '1143110621', '2021-09-24', '13:24:00', NULL),
(317, 24, '4273776526', '2021-09-26', '13:24:00', NULL),
(318, 37, '7511701956', '2021-09-27', '13:28:00', NULL),
(319, 23, '1453702430', '2021-09-26', '12:43:00', NULL),
(320, 37, '4980958879', '2021-09-22', '02:06:00', NULL),
(321, 30, '1453702430', '2021-10-01', '14:54:00', NULL),
(322, 29, '1143110621', '2021-09-28', '14:52:00', NULL),
(323, 19, '1453702430', '2021-09-30', '16:07:00', NULL),
(324, 22, '1453702430', '2021-09-29', '14:42:00', '09:17:00'),
(325, 4, '4980958879', '2021-09-27', '16:33:00', '23:33:00'),
(326, 18, '1143110621', '2021-10-01', '09:37:00', NULL),
(327, 4, '4980958879', '2021-09-28', '14:07:00', NULL),
(328, 34, '1143110621', '2021-09-22', '18:00:00', '06:58:00'),
(329, 32, '4980958879', '2021-09-30', '19:43:00', NULL),
(330, 20, '1453702430', '2021-09-30', '08:11:00', NULL),
(331, 40, '7511701956', '2021-09-26', '00:02:00', NULL),
(332, 21, '7511701956', '2021-09-25', '04:31:00', NULL),
(333, 35, '4980958879', '2021-09-24', '09:29:00', NULL),
(334, 20, '4273776526', '2021-09-22', '13:56:00', NULL),
(335, 15, '1453702430', '2021-09-28', '02:35:00', NULL),
(336, 1, '7511701956', '2021-09-23', '02:53:00', NULL),
(337, 15, '4980958879', '2021-10-01', '22:42:00', NULL),
(338, 17, '4273776526', '2021-09-27', '03:11:00', NULL),
(339, 24, '7511701956', '2021-09-28', '11:41:00', NULL),
(340, 39, '4273776526', '2021-09-29', '03:28:00', NULL),
(341, 38, '1143110621', '2021-09-26', '21:24:00', NULL),
(342, 17, '4980958879', '2021-09-27', '23:20:00', NULL),
(343, 3, '4273776526', '2021-09-25', '03:01:00', '02:18:00'),
(344, 24, '1453702430', '2021-09-30', '04:24:00', NULL),
(345, 2, '1143110621', '2021-09-23', '08:33:00', NULL),
(346, 4, '7511701956', '2021-09-22', '16:49:00', NULL),
(347, 36, '1453702430', '2021-10-01', '09:45:00', '11:38:00'),
(348, 23, '7511701956', '2021-09-29', '11:06:00', NULL),
(349, 28, '1143110621', '2021-09-22', '17:20:00', NULL),
(350, 16, '7511701956', '2021-09-29', '12:27:00', NULL),
(351, 8, '1143110621', '2021-09-29', '14:56:00', NULL),
(352, 3, '1143110621', '2021-09-27', '16:13:00', NULL),
(353, 23, '1453702430', '2021-09-30', '13:32:00', NULL),
(354, 9, '7511701956', '2021-09-23', '11:58:00', NULL),
(355, 24, '1453702430', '2021-09-24', '19:28:00', NULL),
(356, 22, '7511701956', '2021-09-28', '03:59:00', NULL),
(357, 6, '1453702430', '2021-09-26', '20:51:00', NULL),
(358, 25, '7511701956', '2021-09-23', '04:23:00', '01:14:00'),
(359, 6, '4273776526', '2021-09-28', '05:00:00', NULL),
(360, 1, '1143110621', '2021-10-01', '01:40:00', '16:12:00'),
(361, 7, '1143110621', '2021-09-29', '17:36:00', NULL),
(362, 16, '4273776526', '2021-09-29', '19:45:00', NULL),
(363, 14, '1143110621', '2021-09-24', '15:41:00', '10:56:00'),
(364, 3, '7511701956', '2021-09-24', '21:56:00', NULL),
(365, 19, '7511701956', '2021-09-22', '11:14:00', NULL),
(366, 33, '1143110621', '2021-09-24', '05:15:00', '10:50:00'),
(367, 24, '7511701956', '2021-09-22', '03:17:00', NULL),
(368, 17, '4980958879', '2021-09-27', '08:02:00', NULL),
(369, 14, '4273776526', '2021-09-30', '21:05:00', NULL),
(370, 19, '1143110621', '2021-09-25', '00:22:00', NULL),
(371, 35, '4273776526', '2021-09-26', '23:34:00', '18:10:00'),
(372, 11, '4273776526', '2021-09-30', '14:51:00', NULL),
(373, 37, '4980958879', '2021-10-01', '12:01:00', NULL),
(374, 33, '1143110621', '2021-09-29', '22:17:00', NULL),
(375, 37, '4980958879', '2021-09-23', '06:25:00', NULL),
(376, 35, '4980958879', '2021-09-23', '11:38:00', NULL),
(377, 3, '1453702430', '2021-09-22', '06:05:00', NULL),
(378, 37, '1143110621', '2021-09-25', '05:01:00', NULL),
(379, 29, '1143110621', '2021-09-23', '20:39:00', '20:31:00'),
(380, 8, '7511701956', '2021-09-26', '07:45:00', NULL),
(381, 37, '1453702430', '2021-09-30', '14:02:00', NULL),
(382, 23, '7511701956', '2021-09-28', '23:16:00', '02:24:00'),
(383, 14, '4273776526', '2021-09-30', '04:13:00', NULL),
(384, 12, '1143110621', '2021-09-29', '04:59:00', NULL),
(385, 10, '4273776526', '2021-09-22', '00:57:00', NULL),
(386, 35, '1453702430', '2021-09-29', '19:05:00', NULL),
(387, 10, '1143110621', '2021-09-26', '14:11:00', NULL),
(388, 36, '1143110621', '2021-09-27', '13:45:00', NULL),
(389, 11, '1143110621', '2021-09-27', '21:38:00', NULL),
(390, 6, '4273776526', '2021-09-28', '09:16:00', '00:42:00'),
(391, 32, '1453702430', '2021-09-30', '19:48:00', NULL),
(392, 14, '7511701956', '2021-09-22', '18:18:00', NULL),
(393, 23, '1453702430', '2021-09-30', '09:04:00', NULL),
(394, 10, '1143110621', '2021-09-23', '05:09:00', NULL),
(395, 21, '4980958879', '2021-09-29', '15:39:00', NULL),
(396, 29, '1143110621', '2021-09-28', '09:00:00', NULL),
(397, 37, '4980958879', '2021-09-27', '03:51:00', NULL),
(398, 25, '1453702430', '2021-09-30', '01:45:00', NULL),
(399, 35, '1453702430', '2021-09-23', '16:48:00', NULL),
(400, 4, '4273776526', '2021-10-01', '12:42:00', NULL),
(401, 26, '7511701956', '2021-09-24', '15:17:00', NULL),
(402, 33, '1143110621', '2021-09-26', '13:29:00', NULL),
(403, 9, '1453702430', '2021-09-22', '21:27:00', NULL),
(404, 39, '1143110621', '2021-09-25', '06:39:00', NULL),
(405, 25, '1453702430', '2021-10-01', '00:40:00', NULL),
(406, 23, '1143110621', '2021-10-01', '10:56:00', '09:50:00'),
(407, 17, '4980958879', '2021-09-29', '04:20:00', NULL),
(408, 34, '4980958879', '2021-09-23', '16:16:00', NULL),
(409, 35, '7511701956', '2021-09-24', '05:21:00', NULL),
(410, 12, '7511701956', '2021-09-22', '17:48:00', NULL),
(411, 13, '4273776526', '2021-09-28', '01:28:00', NULL),
(412, 29, '1453702430', '2021-09-28', '06:12:00', NULL),
(413, 4, '4980958879', '2021-09-24', '18:37:00', NULL),
(414, 19, '1143110621', '2021-09-22', '00:33:00', '09:06:00'),
(415, 31, '4980958879', '2021-09-22', '06:33:00', NULL),
(416, 36, '1453702430', '2021-09-25', '09:34:00', NULL),
(417, 21, '7511701956', '2021-09-24', '08:08:00', NULL),
(418, 20, '1453702430', '2021-09-24', '08:45:00', '07:53:00'),
(419, 33, '1143110621', '2021-09-24', '12:24:00', NULL),
(420, 39, '1453702430', '2021-09-22', '10:33:00', NULL),
(421, 14, '1453702430', '2021-09-26', '03:41:00', NULL),
(422, 13, '7511701956', '2021-09-30', '00:13:00', NULL),
(423, 37, '1453702430', '2021-09-25', '04:38:00', NULL),
(424, 8, '1143110621', '2021-10-01', '00:42:00', NULL),
(425, 20, '1143110621', '2021-09-28', '07:34:00', NULL),
(426, 22, '1453702430', '2021-09-27', '08:22:00', NULL),
(427, 16, '4273776526', '2021-10-01', '09:57:00', '01:55:00'),
(428, 40, '1453702430', '2021-09-22', '06:19:00', NULL),
(429, 28, '7511701956', '2021-10-01', '15:33:00', NULL),
(430, 7, '1453702430', '2021-10-01', '12:46:00', NULL),
(431, 29, '4273776526', '2021-10-01', '09:53:00', '04:38:00'),
(432, 3, '1143110621', '2021-09-22', '16:16:00', NULL),
(433, 32, '7511701956', '2021-09-24', '20:10:00', NULL),
(434, 22, '4980958879', '2021-09-27', '13:38:00', NULL),
(435, 36, '4980958879', '2021-09-30', '12:42:00', NULL),
(436, 39, '7511701956', '2021-09-23', '21:28:00', NULL),
(437, 16, '4980958879', '2021-09-30', '22:43:00', NULL),
(438, 26, '1143110621', '2021-09-24', '09:02:00', NULL),
(439, 4, '4273776526', '2021-09-28', '12:05:00', NULL),
(440, 38, '4273776526', '2021-09-30', '22:44:00', NULL),
(441, 18, '4273776526', '2021-09-27', '16:05:00', NULL),
(442, 38, '1143110621', '2021-09-25', '01:32:00', NULL),
(443, 21, '4273776526', '2021-09-29', '18:03:00', '22:22:00'),
(444, 7, '4980958879', '2021-09-22', '22:34:00', NULL),
(445, 22, '1143110621', '2021-09-29', '23:08:00', NULL),
(446, 8, '4980958879', '2021-10-01', '10:51:00', '05:50:00'),
(447, 34, '4980958879', '2021-09-30', '13:09:00', NULL),
(448, 29, '7511701956', '2021-09-24', '20:51:00', NULL),
(449, 5, '1143110621', '2021-09-23', '00:00:00', NULL),
(450, 38, '4980958879', '2021-09-26', '11:14:00', NULL),
(451, 15, '4273776526', '2021-10-01', '11:55:00', NULL),
(452, 20, '1143110621', '2021-09-30', '04:55:00', NULL),
(453, 24, '1453702430', '2021-09-25', '03:39:00', NULL),
(454, 36, '4273776526', '2021-09-28', '01:40:00', NULL),
(455, 29, '4980958879', '2021-09-25', '20:30:00', NULL),
(456, 36, '1143110621', '2021-09-25', '22:12:00', NULL),
(457, 15, '1143110621', '2021-09-28', '03:09:00', NULL),
(458, 17, '7511701956', '2021-09-27', '13:15:00', '20:05:00'),
(459, 14, '7511701956', '2021-09-24', '02:45:00', NULL),
(460, 23, '7511701956', '2021-09-24', '14:56:00', NULL),
(461, 4, '4273776526', '2021-09-24', '16:36:00', NULL),
(462, 2, '4273776526', '2021-09-25', '09:47:00', NULL),
(463, 5, '1143110621', '2021-09-27', '00:36:00', '00:39:00'),
(464, 15, '7511701956', '2021-09-28', '18:30:00', NULL),
(465, 25, '4980958879', '2021-09-22', '12:19:00', '20:38:00'),
(466, 28, '1453702430', '2021-09-26', '21:47:00', NULL),
(467, 16, '1143110621', '2021-09-28', '15:45:00', NULL),
(468, 3, '1453702430', '2021-09-22', '08:38:00', '16:28:00'),
(469, 8, '4980958879', '2021-09-29', '05:23:00', NULL),
(470, 35, '7511701956', '2021-09-27', '15:16:00', NULL),
(471, 24, '7511701956', '2021-09-25', '01:05:00', NULL),
(472, 2, '7511701956', '2021-09-30', '14:51:00', NULL),
(473, 26, '4273776526', '2021-09-26', '09:57:00', '00:06:00'),
(474, 2, '1453702430', '2021-09-27', '16:20:00', '02:45:00'),
(475, 6, '1143110621', '2021-09-24', '22:58:00', NULL),
(476, 11, '7511701956', '2021-09-26', '19:04:00', NULL),
(477, 9, '7511701956', '2021-09-28', '21:12:00', NULL),
(478, 6, '4273776526', '2021-09-30', '07:01:00', '20:29:00'),
(479, 40, '4273776526', '2021-09-30', '23:17:00', NULL),
(480, 38, '4273776526', '2021-09-30', '04:31:00', NULL),
(481, 12, '1453702430', '2021-09-29', '08:14:00', NULL),
(482, 29, '4980958879', '2021-09-25', '20:16:00', NULL),
(483, 19, '1453702430', '2021-09-27', '13:59:00', NULL),
(484, 29, '7511701956', '2021-09-23', '23:34:00', NULL),
(485, 29, '4273776526', '2021-09-25', '01:18:00', NULL),
(486, 15, '1143110621', '2021-10-01', '02:18:00', NULL),
(487, 22, '4980958879', '2021-09-24', '10:27:00', NULL),
(488, 27, '7511701956', '2021-09-22', '20:21:00', NULL),
(489, 36, '4980958879', '2021-09-30', '06:44:00', NULL),
(490, 1, '4980958879', '2021-09-22', '19:09:00', '08:58:00'),
(491, 4, '1143110621', '2021-09-26', '16:43:00', NULL),
(492, 25, '1143110621', '2021-09-26', '00:49:00', NULL),
(493, 13, '4980958879', '2021-09-28', '06:08:00', NULL),
(494, 6, '4273776526', '2021-09-28', '13:51:00', NULL),
(495, 39, '4273776526', '2021-09-25', '06:29:00', NULL),
(496, 37, '1143110621', '2021-09-23', '15:17:00', NULL),
(497, 32, '1453702430', '2021-09-24', '12:08:00', '15:24:00'),
(498, 4, '4273776526', '2021-09-30', '23:05:00', NULL),
(499, 10, '1143110621', '2021-09-24', '20:19:00', '15:56:00'),
(500, 28, '1143110621', '2021-09-30', '16:37:00', NULL),
(501, 36, '1143110621', '2021-10-01', '10:31:00', '12:32:00'),
(502, 40, '1143110621', '2021-09-24', '16:02:00', NULL),
(503, 28, '4980958879', '2021-09-22', '04:36:00', NULL),
(504, 17, '4273776526', '2021-09-24', '09:19:00', NULL),
(505, 2, '1453702430', '2021-09-24', '12:49:00', NULL),
(506, 16, '4273776526', '2021-09-23', '16:11:00', NULL),
(507, 19, '4273776526', '2021-09-28', '13:19:00', NULL),
(508, 27, '4980958879', '2021-09-28', '13:15:00', NULL),
(509, 25, '7511701956', '2021-09-24', '02:49:00', NULL),
(510, 40, '1143110621', '2021-10-01', '06:26:00', NULL),
(511, 38, '7511701956', '2021-09-22', '10:24:00', NULL),
(512, 35, '1453702430', '2021-09-22', '11:51:00', '00:08:00'),
(513, 17, '4273776526', '2021-10-01', '01:33:00', NULL),
(514, 36, '1143110621', '2021-09-28', '09:12:00', NULL),
(515, 28, '1143110621', '2021-09-25', '03:38:00', NULL),
(516, 12, '1143110621', '2021-10-01', '04:25:00', NULL),
(517, 13, '4273776526', '2021-09-28', '14:05:00', NULL),
(518, 34, '4273776526', '2021-09-28', '08:13:00', NULL),
(519, 14, '4273776526', '2021-09-29', '11:13:00', '00:46:00'),
(520, 38, '1143110621', '2021-09-24', '03:33:00', NULL),
(521, 30, '7511701956', '2021-09-30', '01:03:00', NULL),
(522, 24, '1143110621', '2021-10-01', '18:49:00', NULL),
(523, 28, '1453702430', '2021-09-26', '19:05:00', NULL),
(524, 25, '4273776526', '2021-09-27', '15:25:00', NULL),
(525, 19, '1143110621', '2021-10-01', '03:24:00', NULL),
(526, 16, '4980958879', '2021-09-22', '21:38:00', NULL),
(527, 28, '1453702430', '2021-09-28', '04:43:00', '21:01:00'),
(528, 37, '4273776526', '2021-10-01', '20:51:00', NULL),
(529, 25, '7511701956', '2021-09-23', '00:49:00', NULL),
(530, 38, '1453702430', '2021-09-23', '23:14:00', NULL),
(531, 40, '7511701956', '2021-09-23', '23:28:00', NULL),
(532, 40, '1453702430', '2021-09-23', '00:38:00', NULL),
(533, 27, '4273776526', '2021-09-25', '12:24:00', NULL),
(534, 16, '4980958879', '2021-10-01', '07:47:00', NULL),
(535, 39, '1143110621', '2021-09-28', '13:53:00', NULL),
(536, 12, '7511701956', '2021-09-29', '19:09:00', '09:41:00'),
(537, 35, '7511701956', '2021-09-24', '15:44:00', '14:23:00'),
(538, 27, '7511701956', '2021-09-26', '00:31:00', NULL),
(539, 23, '1143110621', '2021-09-23', '08:15:00', '02:24:00'),
(540, 40, '1143110621', '2021-09-24', '16:25:00', '14:58:00'),
(541, 6, '1453702430', '2021-09-27', '18:51:00', NULL),
(542, 17, '1143110621', '2021-09-25', '17:24:00', NULL),
(543, 28, '1143110621', '2021-09-30', '15:47:00', NULL),
(544, 4, '1453702430', '2021-09-23', '21:40:00', NULL),
(545, 11, '4273776526', '2021-09-27', '00:46:00', NULL),
(546, 3, '1143110621', '2021-09-24', '01:39:00', NULL),
(547, 37, '1453702430', '2021-09-28', '07:29:00', NULL),
(548, 11, '1453702430', '2021-09-22', '12:48:00', '10:49:00'),
(549, 17, '4273776526', '2021-09-27', '20:53:00', NULL),
(550, 12, '4273776526', '2021-09-28', '20:47:00', NULL),
(551, 26, '1453702430', '2021-09-29', '05:58:00', '20:49:00'),
(552, 25, '4273776526', '2021-09-27', '11:20:00', NULL),
(553, 39, '1143110621', '2021-09-23', '09:13:00', NULL),
(554, 27, '4980958879', '2021-09-24', '20:57:00', '06:27:00'),
(555, 27, '4980958879', '2021-10-01', '14:00:00', NULL),
(556, 27, '1453702430', '2021-09-27', '02:19:00', '11:34:00'),
(557, 21, '4980958879', '2021-09-25', '10:24:00', NULL),
(558, 26, '4980958879', '2021-09-26', '14:46:00', NULL),
(559, 23, '1143110621', '2021-09-28', '10:42:00', NULL),
(560, 28, '4980958879', '2021-09-22', '17:41:00', NULL),
(561, 6, '4980958879', '2021-09-27', '20:44:00', NULL),
(562, 12, '1143110621', '2021-09-23', '14:46:00', NULL),
(563, 8, '7511701956', '2021-09-23', '18:02:00', NULL),
(564, 8, '1453702430', '2021-09-25', '08:13:00', NULL),
(565, 32, '4980958879', '2021-10-01', '22:03:00', '19:09:00'),
(566, 6, '1453702430', '2021-09-26', '06:09:00', NULL),
(567, 18, '1143110621', '2021-09-27', '19:25:00', NULL),
(568, 35, '4980958879', '2021-09-27', '17:58:00', NULL),
(569, 15, '1453702430', '2021-09-27', '10:32:00', NULL),
(570, 31, '4273776526', '2021-09-23', '03:18:00', '16:25:00'),
(571, 25, '1453702430', '2021-09-25', '22:52:00', '04:39:00'),
(572, 2, '4980958879', '2021-09-30', '13:47:00', NULL),
(573, 26, '7511701956', '2021-10-01', '00:07:00', NULL),
(574, 29, '4273776526', '2021-09-24', '02:30:00', NULL),
(575, 13, '7511701956', '2021-09-29', '15:17:00', NULL),
(576, 5, '1453702430', '2021-10-01', '16:17:00', NULL),
(577, 29, '1143110621', '2021-09-24', '13:08:00', NULL),
(578, 19, '1453702430', '2021-09-25', '17:35:00', NULL),
(579, 12, '1453702430', '2021-09-26', '13:31:00', NULL),
(580, 38, '7511701956', '2021-10-01', '07:55:00', NULL),
(581, 14, '1453702430', '2021-09-26', '07:35:00', '03:59:00'),
(582, 31, '1453702430', '2021-09-28', '11:38:00', NULL),
(583, 34, '1143110621', '2021-09-24', '00:56:00', NULL),
(584, 35, '4980958879', '2021-09-25', '14:32:00', NULL),
(585, 35, '4273776526', '2021-09-22', '19:00:00', NULL),
(586, 35, '1453702430', '2021-09-28', '18:31:00', NULL),
(587, 5, '7511701956', '2021-09-24', '06:00:00', '04:22:00'),
(588, 26, '4273776526', '2021-10-01', '11:22:00', NULL),
(589, 32, '1453702430', '2021-09-24', '06:32:00', NULL),
(590, 9, '4273776526', '2021-09-22', '01:58:00', NULL),
(591, 11, '1143110621', '2021-09-27', '15:14:00', NULL),
(592, 5, '7511701956', '2021-09-22', '23:22:00', NULL),
(593, 9, '7511701956', '2021-09-26', '14:09:00', NULL),
(594, 24, '4273776526', '2021-09-22', '17:32:00', NULL),
(595, 5, '4273776526', '2021-09-27', '16:53:00', NULL),
(596, 22, '1143110621', '2021-10-01', '00:30:00', NULL),
(597, 1, '7511701956', '2021-09-24', '01:46:00', NULL),
(598, 17, '1143110621', '2021-09-27', '13:24:00', '23:42:00'),
(599, 34, '4980958879', '2021-09-30', '18:07:00', NULL),
(600, 34, '4980958879', '2021-09-28', '22:07:00', NULL),
(601, 40, '1143110621', '2021-09-26', '07:38:00', NULL),
(602, 17, '4273776526', '2021-09-26', '22:23:00', NULL),
(603, 24, '7511701956', '2021-09-23', '02:29:00', NULL),
(604, 24, '1143110621', '2021-09-29', '08:25:00', NULL),
(605, 24, '4273776526', '2021-09-27', '23:18:00', NULL),
(606, 25, '4980958879', '2021-09-22', '00:52:00', NULL),
(607, 23, '4273776526', '2021-09-22', '04:20:00', NULL),
(608, 34, '7511701956', '2021-09-23', '06:53:00', '13:35:00'),
(609, 30, '4980958879', '2021-09-26', '23:25:00', NULL),
(610, 10, '4980958879', '2021-09-30', '08:23:00', NULL),
(611, 36, '4980958879', '2021-10-01', '22:41:00', '17:26:00'),
(612, 39, '7511701956', '2021-09-28', '10:59:00', NULL),
(613, 18, '4980958879', '2021-10-01', '00:23:00', NULL),
(614, 17, '4980958879', '2021-09-28', '18:03:00', '07:26:00'),
(615, 31, '1453702430', '2021-09-28', '15:29:00', NULL),
(616, 34, '1453702430', '2021-09-30', '18:39:00', NULL),
(617, 39, '1143110621', '2021-09-28', '21:03:00', NULL),
(618, 21, '1143110621', '2021-09-28', '20:47:00', NULL),
(619, 33, '1453702430', '2021-09-22', '08:41:00', NULL),
(620, 39, '1453702430', '2021-09-24', '08:34:00', NULL),
(621, 4, '7511701956', '2021-10-01', '20:06:00', NULL),
(622, 21, '4980958879', '2021-09-25', '17:09:00', '22:44:00'),
(623, 12, '4273776526', '2021-09-26', '01:45:00', NULL),
(624, 37, '7511701956', '2021-09-29', '04:57:00', NULL),
(625, 3, '1143110621', '2021-09-30', '21:07:00', NULL),
(626, 33, '4273776526', '2021-09-22', '17:32:00', NULL),
(627, 36, '4273776526', '2021-09-23', '11:47:00', NULL),
(628, 25, '4980958879', '2021-09-22', '17:03:00', '16:30:00'),
(629, 6, '1453702430', '2021-09-30', '06:59:00', NULL),
(630, 21, '1453702430', '2021-09-28', '05:14:00', NULL),
(631, 28, '1143110621', '2021-09-24', '11:23:00', NULL),
(632, 31, '4980958879', '2021-09-23', '14:32:00', NULL),
(633, 24, '4980958879', '2021-09-24', '10:33:00', NULL),
(634, 25, '4980958879', '2021-09-28', '05:55:00', NULL),
(635, 12, '7511701956', '2021-09-29', '00:49:00', '13:02:00'),
(636, 3, '4980958879', '2021-09-28', '01:30:00', '10:17:00'),
(637, 6, '1453702430', '2021-09-30', '18:19:00', NULL),
(638, 17, '4980958879', '2021-09-30', '16:47:00', NULL),
(639, 37, '7511701956', '2021-10-01', '04:58:00', NULL),
(640, 27, '7511701956', '2021-09-30', '11:54:00', '21:13:00'),
(641, 37, '4273776526', '2021-09-27', '23:58:00', NULL),
(642, 32, '1453702430', '2021-09-25', '15:16:00', NULL),
(643, 30, '1453702430', '2021-09-24', '20:22:00', NULL),
(644, 25, '1143110621', '2021-09-24', '19:15:00', NULL),
(645, 9, '1453702430', '2021-09-23', '04:35:00', NULL),
(646, 9, '1453702430', '2021-10-01', '17:11:00', NULL),
(647, 12, '4980958879', '2021-09-23', '02:50:00', NULL),
(648, 23, '4980958879', '2021-09-29', '03:03:00', NULL),
(649, 33, '1143110621', '2021-09-22', '21:59:00', '09:37:00'),
(650, 25, '1143110621', '2021-09-25', '23:15:00', '21:09:00'),
(651, 37, '1453702430', '2021-09-25', '15:52:00', NULL),
(652, 37, '4273776526', '2021-09-28', '04:10:00', NULL),
(653, 5, '1143110621', '2021-10-01', '18:29:00', NULL),
(654, 4, '4980958879', '2021-09-25', '11:11:00', '04:55:00'),
(655, 3, '1453702430', '2021-09-23', '15:20:00', NULL),
(656, 6, '1143110621', '2021-09-29', '23:13:00', '20:33:00'),
(657, 29, '4273776526', '2021-09-25', '20:00:00', NULL),
(658, 12, '4980958879', '2021-09-24', '23:14:00', NULL),
(659, 31, '1143110621', '2021-09-25', '16:37:00', NULL),
(660, 37, '1453702430', '2021-10-01', '00:18:00', NULL),
(661, 22, '4273776526', '2021-09-26', '16:08:00', '03:26:00'),
(662, 6, '1453702430', '2021-09-22', '14:32:00', NULL),
(663, 17, '7511701956', '2021-09-25', '22:02:00', '23:46:00'),
(664, 26, '7511701956', '2021-09-25', '06:25:00', NULL),
(665, 37, '7511701956', '2021-09-26', '12:17:00', NULL),
(666, 30, '4980958879', '2021-09-28', '03:29:00', NULL),
(667, 6, '4980958879', '2021-09-25', '20:51:00', NULL),
(668, 39, '7511701956', '2021-09-29', '12:13:00', NULL),
(669, 39, '7511701956', '2021-10-01', '00:14:00', NULL),
(670, 40, '7511701956', '2021-09-30', '00:11:00', NULL),
(671, 39, '4980958879', '2021-09-26', '07:19:00', NULL),
(672, 14, '4980958879', '2021-09-30', '08:26:00', NULL),
(673, 5, '1453702430', '2021-09-26', '10:39:00', '23:50:00'),
(674, 21, '4980958879', '2021-09-29', '22:22:00', NULL),
(675, 23, '4273776526', '2021-09-29', '18:29:00', NULL),
(676, 23, '1453702430', '2021-09-26', '13:16:00', NULL),
(677, 25, '4980958879', '2021-09-24', '21:19:00', NULL),
(678, 27, '4980958879', '2021-10-01', '11:12:00', '03:32:00'),
(679, 3, '4980958879', '2021-10-01', '07:11:00', NULL),
(680, 16, '4980958879', '2021-09-30', '02:21:00', NULL),
(681, 40, '4273776526', '2021-09-22', '15:50:00', '06:36:00'),
(682, 31, '1453702430', '2021-09-25', '04:05:00', NULL),
(683, 38, '1143110621', '2021-09-27', '04:52:00', NULL),
(684, 26, '4980958879', '2021-09-30', '07:44:00', '04:01:00'),
(685, 21, '1453702430', '2021-09-26', '04:34:00', NULL),
(686, 13, '7511701956', '2021-09-25', '06:49:00', '20:01:00'),
(687, 40, '4273776526', '2021-09-30', '03:04:00', NULL),
(688, 35, '4273776526', '2021-09-27', '04:58:00', '06:50:00'),
(689, 19, '4273776526', '2021-09-26', '05:35:00', NULL),
(690, 21, '4273776526', '2021-09-27', '07:31:00', NULL),
(691, 11, '4980958879', '2021-09-22', '05:56:00', '20:06:00'),
(692, 19, '1453702430', '2021-09-24', '21:45:00', NULL),
(693, 17, '7511701956', '2021-09-26', '11:31:00', NULL),
(694, 6, '1453702430', '2021-09-24', '10:38:00', NULL),
(695, 19, '4273776526', '2021-09-25', '20:21:00', NULL),
(696, 22, '1453702430', '2021-10-01', '16:28:00', NULL),
(697, 11, '1143110621', '2021-09-25', '21:50:00', NULL),
(698, 7, '7511701956', '2021-09-30', '16:18:00', NULL),
(699, 37, '1143110621', '2021-09-23', '21:40:00', NULL),
(700, 34, '1143110621', '2021-09-25', '17:23:00', NULL),
(701, 33, '4980958879', '2021-10-01', '02:59:00', NULL),
(702, 20, '4980958879', '2021-09-26', '03:14:00', NULL),
(703, 24, '1143110621', '2021-09-30', '05:51:00', NULL),
(704, 23, '4980958879', '2021-09-27', '15:24:00', NULL),
(705, 33, '1143110621', '2021-09-30', '07:13:00', NULL),
(706, 5, '7511701956', '2021-09-23', '12:37:00', NULL),
(707, 1, '4273776526', '2021-09-30', '05:37:00', NULL),
(708, 15, '1453702430', '2021-09-26', '12:32:00', NULL),
(709, 18, '1453702430', '2021-10-01', '02:54:00', NULL),
(710, 6, '4273776526', '2021-09-30', '12:37:00', NULL),
(711, 37, '4980958879', '2021-09-24', '23:05:00', NULL),
(712, 3, '4980958879', '2021-09-24', '09:39:00', NULL),
(713, 28, '4273776526', '2021-09-30', '02:36:00', '14:27:00'),
(714, 12, '1453702430', '2021-09-23', '21:54:00', NULL),
(715, 36, '1453702430', '2021-09-28', '10:10:00', NULL),
(716, 30, '1453702430', '2021-09-24', '18:58:00', NULL),
(717, 13, '1453702430', '2021-09-29', '05:05:00', '09:18:00'),
(718, 38, '1143110621', '2021-09-24', '15:15:00', NULL),
(719, 29, '7511701956', '2021-10-01', '15:33:00', NULL),
(720, 11, '4980958879', '2021-09-29', '00:23:00', NULL),
(721, 18, '4980958879', '2021-09-24', '12:09:00', NULL),
(722, 31, '4980958879', '2021-09-25', '23:26:00', NULL),
(723, 16, '7511701956', '2021-10-01', '13:43:00', NULL),
(724, 27, '4273776526', '2021-10-01', '08:32:00', NULL),
(725, 27, '1453702430', '2021-09-23', '20:09:00', NULL),
(726, 29, '7511701956', '2021-09-28', '08:05:00', '07:04:00'),
(727, 20, '1453702430', '2021-09-28', '18:16:00', NULL),
(728, 6, '4273776526', '2021-09-30', '19:55:00', NULL),
(729, 6, '1143110621', '2021-09-24', '12:54:00', NULL),
(730, 32, '4980958879', '2021-09-30', '15:35:00', NULL),
(731, 11, '4980958879', '2021-09-23', '06:36:00', '07:14:00'),
(732, 33, '1453702430', '2021-09-29', '23:16:00', NULL),
(733, 26, '1453702430', '2021-09-23', '21:45:00', NULL),
(734, 11, '4273776526', '2021-09-23', '03:59:00', NULL),
(735, 11, '1143110621', '2021-09-28', '02:50:00', NULL),
(736, 37, '1453702430', '2021-09-27', '22:07:00', NULL),
(737, 40, '4980958879', '2021-09-27', '10:50:00', '12:47:00'),
(738, 11, '4980958879', '2021-09-29', '22:27:00', '07:23:00'),
(739, 6, '4980958879', '2021-09-23', '12:45:00', NULL),
(740, 10, '4273776526', '2021-09-28', '08:29:00', NULL),
(741, 34, '7511701956', '2021-09-28', '05:46:00', NULL),
(742, 39, '1453702430', '2021-09-29', '18:23:00', NULL),
(743, 11, '7511701956', '2021-09-27', '19:46:00', NULL),
(744, 18, '4273776526', '2021-09-25', '11:39:00', NULL),
(745, 34, '4273776526', '2021-09-27', '20:43:00', '13:41:00'),
(746, 16, '1143110621', '2021-09-22', '08:02:00', NULL),
(747, 22, '1143110621', '2021-09-29', '03:44:00', NULL),
(748, 38, '4273776526', '2021-09-30', '16:14:00', NULL),
(749, 34, '1453702430', '2021-09-25', '20:34:00', NULL),
(750, 23, '1143110621', '2021-09-27', '18:13:00', NULL),
(751, 27, '1453702430', '2021-09-30', '03:44:00', NULL),
(752, 38, '4980958879', '2021-09-30', '06:21:00', NULL),
(753, 17, '1453702430', '2021-09-23', '23:14:00', NULL),
(754, 32, '7511701956', '2021-09-27', '01:15:00', '19:27:00'),
(755, 33, '4273776526', '2021-09-28', '20:28:00', '19:38:00'),
(756, 28, '4980958879', '2021-09-25', '20:48:00', NULL),
(757, 19, '7511701956', '2021-09-29', '10:31:00', '02:40:00'),
(758, 29, '7511701956', '2021-09-28', '06:44:00', '00:08:00'),
(759, 5, '4980958879', '2021-09-26', '04:38:00', NULL),
(760, 21, '4980958879', '2021-09-28', '04:17:00', NULL),
(761, 8, '4980958879', '2021-09-29', '06:56:00', '14:54:00'),
(762, 21, '7511701956', '2021-09-29', '05:12:00', NULL),
(763, 23, '1453702430', '2021-09-27', '01:19:00', '10:14:00'),
(764, 1, '7511701956', '2021-09-29', '19:31:00', NULL),
(765, 2, '1453702430', '2021-09-23', '18:35:00', NULL),
(766, 36, '4273776526', '2021-09-22', '08:34:00', NULL),
(767, 2, '1453702430', '2021-10-01', '18:19:00', NULL),
(768, 35, '1453702430', '2021-09-26', '07:11:00', NULL),
(769, 10, '1143110621', '2021-10-01', '22:47:00', NULL),
(770, 23, '4980958879', '2021-09-22', '08:37:00', '16:00:00'),
(771, 2, '1453702430', '2021-09-26', '03:44:00', '22:42:00'),
(772, 23, '1453702430', '2021-09-26', '07:35:00', NULL),
(773, 32, '1143110621', '2021-09-22', '07:20:00', NULL),
(774, 37, '1143110621', '2021-09-25', '17:53:00', NULL),
(775, 36, '7511701956', '2021-09-25', '15:42:00', NULL),
(776, 7, '4273776526', '2021-09-23', '10:27:00', NULL),
(777, 3, '4273776526', '2021-10-01', '05:39:00', NULL),
(778, 29, '1143110621', '2021-09-29', '22:05:00', NULL),
(779, 11, '1453702430', '2021-09-22', '21:20:00', NULL),
(780, 6, '1453702430', '2021-09-28', '05:29:00', NULL),
(781, 28, '7511701956', '2021-09-30', '04:29:00', NULL),
(782, 39, '4273776526', '2021-09-22', '23:15:00', NULL),
(783, 7, '1453702430', '2021-09-25', '14:26:00', '00:41:00'),
(784, 31, '1143110621', '2021-09-25', '07:03:00', NULL),
(785, 8, '1453702430', '2021-09-25', '01:13:00', '07:04:00'),
(786, 34, '1143110621', '2021-09-28', '07:38:00', NULL),
(787, 32, '4980958879', '2021-09-29', '09:21:00', NULL),
(788, 22, '4273776526', '2021-09-23', '01:26:00', '11:19:00'),
(789, 24, '1453702430', '2021-09-25', '01:49:00', NULL),
(790, 12, '1453702430', '2021-09-27', '12:10:00', NULL),
(791, 3, '4980958879', '2021-09-28', '15:45:00', '14:24:00'),
(792, 24, '1453702430', '2021-09-28', '07:28:00', NULL),
(793, 31, '1143110621', '2021-10-01', '06:22:00', NULL),
(794, 11, '7511701956', '2021-09-30', '18:13:00', NULL),
(795, 19, '7511701956', '2021-09-30', '07:19:00', NULL),
(796, 40, '1143110621', '2021-09-28', '05:31:00', NULL),
(797, 14, '1143110621', '2021-09-24', '18:07:00', NULL),
(798, 16, '4980958879', '2021-09-23', '16:57:00', NULL),
(799, 7, '1143110621', '2021-09-24', '16:15:00', NULL),
(800, 40, '7511701956', '2021-09-22', '10:57:00', NULL),
(801, 19, '4273776526', '2021-09-23', '05:34:00', NULL),
(802, 38, '1453702430', '2021-10-01', '01:23:00', NULL),
(803, 14, '4273776526', '2021-09-22', '17:02:00', NULL),
(804, 24, '4980958879', '2021-09-30', '09:19:00', NULL),
(805, 6, '1453702430', '2021-10-01', '06:55:00', NULL),
(806, 10, '4273776526', '2021-09-23', '18:46:00', NULL),
(807, 36, '1143110621', '2021-09-29', '03:10:00', '03:29:00'),
(808, 8, '4980958879', '2021-09-27', '12:30:00', '11:14:00'),
(809, 7, '4273776526', '2021-09-28', '03:28:00', NULL),
(810, 17, '1143110621', '2021-09-25', '03:33:00', NULL),
(811, 36, '7511701956', '2021-10-01', '01:09:00', NULL),
(812, 7, '1143110621', '2021-09-25', '13:08:00', NULL),
(813, 36, '4273776526', '2021-09-24', '21:39:00', '21:42:00'),
(814, 4, '4273776526', '2021-09-25', '15:29:00', NULL),
(815, 9, '1453702430', '2021-09-23', '16:53:00', NULL),
(816, 16, '1143110621', '2021-09-27', '13:20:00', NULL),
(817, 28, '4980958879', '2021-09-26', '18:29:00', NULL),
(818, 23, '1143110621', '2021-09-28', '04:13:00', '18:16:00'),
(819, 19, '4273776526', '2021-09-26', '07:06:00', NULL),
(820, 26, '4980958879', '2021-09-27', '21:07:00', NULL),
(821, 11, '1453702430', '2021-09-27', '05:52:00', NULL),
(822, 5, '7511701956', '2021-09-23', '18:33:00', NULL),
(823, 27, '7511701956', '2021-09-23', '04:54:00', NULL),
(824, 17, '4273776526', '2021-09-27', '20:46:00', NULL),
(825, 1, '4273776526', '2021-09-24', '02:07:00', '05:32:00'),
(826, 30, '1143110621', '2021-09-30', '06:27:00', NULL),
(827, 2, '4980958879', '2021-10-01', '02:11:00', '12:27:00'),
(828, 13, '1143110621', '2021-09-27', '08:31:00', NULL),
(829, 12, '4980958879', '2021-09-25', '20:35:00', NULL),
(830, 33, '4980958879', '2021-09-28', '06:48:00', '23:02:00'),
(831, 13, '1453702430', '2021-09-30', '14:22:00', '04:05:00'),
(832, 21, '1143110621', '2021-10-01', '03:09:00', NULL),
(833, 17, '1453702430', '2021-09-29', '16:27:00', '10:41:00'),
(834, 19, '4273776526', '2021-09-22', '19:54:00', '03:37:00'),
(835, 37, '4273776526', '2021-09-29', '12:18:00', '01:52:00'),
(836, 6, '1143110621', '2021-10-01', '00:48:00', NULL),
(837, 14, '7511701956', '2021-09-22', '13:17:00', NULL),
(838, 21, '4273776526', '2021-09-25', '21:52:00', NULL),
(839, 16, '1143110621', '2021-09-23', '19:39:00', NULL),
(840, 5, '4980958879', '2021-09-23', '01:34:00', NULL),
(841, 40, '7511701956', '2021-09-29', '06:13:00', NULL),
(842, 30, '1453702430', '2021-09-28', '07:12:00', '02:29:00'),
(843, 18, '7511701956', '2021-09-24', '12:48:00', NULL),
(844, 24, '4273776526', '2021-09-27', '06:49:00', NULL),
(845, 26, '1453702430', '2021-09-23', '04:08:00', NULL),
(846, 17, '7511701956', '2021-09-30', '03:37:00', '02:28:00'),
(847, 36, '4273776526', '2021-09-27', '12:51:00', '22:09:00'),
(848, 25, '1143110621', '2021-09-30', '07:54:00', NULL),
(849, 38, '7511701956', '2021-10-01', '00:31:00', NULL),
(850, 26, '4980958879', '2021-09-30', '06:13:00', NULL),
(851, 16, '1143110621', '2021-09-28', '14:17:00', NULL),
(852, 18, '7511701956', '2021-10-01', '17:11:00', NULL),
(853, 27, '1143110621', '2021-09-29', '02:52:00', NULL),
(854, 31, '1453702430', '2021-09-29', '01:42:00', NULL),
(855, 10, '1453702430', '2021-09-22', '21:32:00', NULL),
(856, 17, '1453702430', '2021-09-27', '07:43:00', NULL),
(857, 33, '4980958879', '2021-09-27', '20:22:00', NULL),
(858, 8, '1453702430', '2021-09-30', '07:14:00', NULL),
(859, 28, '4273776526', '2021-09-25', '16:00:00', NULL),
(860, 18, '1453702430', '2021-09-25', '11:08:00', NULL),
(861, 25, '4273776526', '2021-09-24', '11:59:00', NULL),
(862, 17, '1143110621', '2021-09-22', '05:23:00', '21:56:00'),
(863, 36, '1143110621', '2021-09-23', '18:46:00', NULL),
(864, 22, '4273776526', '2021-09-25', '08:24:00', NULL),
(865, 21, '4273776526', '2021-10-01', '23:32:00', NULL),
(866, 14, '1453702430', '2021-09-24', '06:20:00', NULL),
(867, 6, '4273776526', '2021-09-23', '11:43:00', NULL),
(868, 35, '1453702430', '2021-09-22', '16:32:00', NULL),
(869, 10, '4980958879', '2021-09-23', '11:05:00', NULL),
(870, 1, '4980958879', '2021-09-28', '23:51:00', NULL),
(871, 8, '1143110621', '2021-09-29', '06:51:00', NULL),
(872, 28, '1453702430', '2021-09-26', '01:46:00', NULL),
(873, 28, '4980958879', '2021-09-30', '17:32:00', NULL),
(874, 35, '7511701956', '2021-09-29', '11:46:00', '00:22:00'),
(875, 24, '1143110621', '2021-10-01', '03:00:00', NULL),
(876, 36, '1143110621', '2021-09-29', '15:50:00', NULL),
(877, 23, '7511701956', '2021-10-01', '15:24:00', NULL),
(878, 11, '1143110621', '2021-09-29', '17:23:00', '13:15:00'),
(879, 14, '7511701956', '2021-09-22', '03:41:00', NULL),
(880, 13, '4273776526', '2021-09-29', '21:58:00', NULL),
(881, 22, '1143110621', '2021-09-25', '00:36:00', NULL),
(882, 32, '4980958879', '2021-09-23', '04:48:00', '10:48:00'),
(883, 11, '4273776526', '2021-09-29', '00:53:00', NULL),
(884, 14, '4273776526', '2021-09-29', '01:05:00', NULL),
(885, 28, '1453702430', '2021-09-30', '21:36:00', NULL),
(886, 30, '4273776526', '2021-10-01', '13:29:00', NULL),
(887, 20, '1453702430', '2021-09-26', '10:31:00', '13:00:00'),
(888, 14, '7511701956', '2021-09-23', '15:51:00', '17:25:00'),
(889, 32, '4273776526', '2021-09-26', '21:32:00', NULL),
(890, 9, '1453702430', '2021-09-22', '01:59:00', '20:39:00'),
(891, 33, '4980958879', '2021-10-01', '04:34:00', '11:23:00'),
(892, 23, '1143110621', '2021-09-24', '05:01:00', NULL),
(893, 10, '4273776526', '2021-09-27', '10:51:00', NULL),
(894, 19, '4273776526', '2021-09-29', '17:32:00', '06:46:00'),
(895, 29, '1453702430', '2021-09-24', '16:43:00', '11:34:00'),
(896, 21, '1143110621', '2021-09-24', '08:53:00', NULL),
(897, 21, '4273776526', '2021-09-22', '22:29:00', NULL),
(898, 3, '1453702430', '2021-09-22', '05:43:00', NULL),
(899, 21, '4980958879', '2021-09-29', '00:49:00', NULL),
(900, 16, '4980958879', '2021-09-26', '18:40:00', NULL);













